id,deal_id,type,occurred_at
A-0000001,LIVE-0001,no_activity_7d,2026-07-17T00:00:00
A-0000002,LIVE-0001,email_sent,2026-07-24T16:22:55
A-0000003,LIVE-0001,email_sent,2026-07-31T02:43:14
A-0000004,LIVE-0001,email_replied,2026-07-31T18:01:44
A-0000005,LIVE-0001,proposal_sent,2026-08-03T22:38:04
A-0000006,LIVE-0001,discount_requested,2026-08-04T02:29:24
A-0000007,LIVE-0001,email_sent,2026-08-07T12:44:36
A-0000008,LIVE-0001,email_replied,2026-08-10T23:36:49
A-0000009,LIVE-0001,discount_requested,2026-08-16T10:54:16
A-0000010,LIVE-0001,email_sent,2026-08-16T14:31:39
A-0000011,LIVE-0001,email_replied,2026-08-16T15:53:23
A-0000012,LIVE-0001,email_sent,2026-08-21T21:45:45
A-0000013,LIVE-0001,email_sent,2026-08-23T13:06:03
A-0000014,LIVE-0001,email_replied,2026-08-24T01:41:41
A-0000015,LIVE-0001,email_sent,2026-08-24T18:38:53
A-0000016,LIVE-0001,email_sent,2026-08-29T23:14:18
A-0000017,LIVE-0002,meeting_held,2026-08-18T23:50:18
A-0000018,LIVE-0002,email_sent,2026-08-20T01:38:20
A-0000019,LIVE-0002,email_replied,2026-08-20T22:30:54
A-0000020,LIVE-0002,email_replied,2026-08-27T10:37:23
A-0000021,LIVE-0002,email_sent,2026-09-01T08:45:47
A-0000022,LIVE-0002,demo_done,2026-09-02T12:56:19
A-0000023,LIVE-0002,email_replied,2026-09-03T22:28:58
A-0000024,LIVE-0003,stakeholder_added,2026-05-24T22:07:45
A-0000025,LIVE-0003,email_sent,2026-05-27T11:13:35
A-0000026,LIVE-0003,demo_done,2026-05-27T14:19:09
A-0000027,LIVE-0003,email_sent,2026-05-30T12:21:00
A-0000028,LIVE-0003,meeting_held,2026-05-30T17:01:47
A-0000029,LIVE-0003,email_sent,2026-05-31T03:36:11
A-0000030,LIVE-0003,champion_identified,2026-05-31T10:43:00
A-0000031,LIVE-0003,email_replied,2026-05-31T19:10:44
A-0000032,LIVE-0003,email_replied,2026-06-04T10:39:49
A-0000033,LIVE-0003,stakeholder_added,2026-06-05T15:26:40
A-0000034,LIVE-0003,email_sent,2026-06-06T05:03:31
A-0000035,LIVE-0003,email_sent,2026-06-10T05:36:30
A-0000036,LIVE-0003,demo_done,2026-06-10T08:03:43
A-0000037,LIVE-0003,email_replied,2026-06-10T22:13:49
A-0000038,LIVE-0003,proposal_sent,2026-06-11T23:05:45
A-0000039,LIVE-0003,email_sent,2026-06-12T09:30:04
A-0000040,LIVE-0003,email_sent,2026-06-14T06:03:39
A-0000041,LIVE-0003,email_sent,2026-06-18T19:41:05
A-0000042,LIVE-0003,email_replied,2026-06-20T03:01:46
A-0000043,LIVE-0003,email_sent,2026-06-21T10:01:12
A-0000044,LIVE-0003,no_activity_7d,2026-06-24T00:00:00
A-0000045,LIVE-0003,no_activity_7d,2026-07-15T00:00:00
A-0000046,LIVE-0003,email_replied,2026-07-22T08:24:56
A-0000047,LIVE-0003,email_sent,2026-07-23T20:25:55
A-0000048,LIVE-0003,email_sent,2026-07-29T14:25:28
A-0000049,LIVE-0003,stakeholder_added,2026-07-30T11:56:12
A-0000050,LIVE-0003,email_sent,2026-07-30T12:58:36
A-0000051,LIVE-0003,email_replied,2026-08-05T00:36:27
A-0000052,LIVE-0003,email_replied,2026-08-16T15:37:34
A-0000053,LIVE-0003,stakeholder_added,2026-08-20T08:29:25
A-0000054,LIVE-0003,email_sent,2026-08-21T09:05:57
A-0000055,LIVE-0003,meeting_held,2026-08-26T10:39:18
A-0000056,LIVE-0004,meeting_held,2026-06-18T05:13:28
A-0000057,LIVE-0004,email_sent,2026-06-18T17:25:45
A-0000058,LIVE-0004,email_sent,2026-06-25T23:23:34
A-0000059,LIVE-0004,email_replied,2026-07-01T19:52:19
A-0000060,LIVE-0004,proposal_sent,2026-07-02T15:34:24
A-0000061,LIVE-0004,stakeholder_added,2026-07-02T17:38:33
A-0000062,LIVE-0004,meeting_held,2026-07-03T00:17:39
A-0000063,LIVE-0004,demo_done,2026-07-03T03:45:55
A-0000064,LIVE-0004,email_sent,2026-07-10T01:11:54
A-0000065,LIVE-0004,meeting_held,2026-07-10T21:47:44
A-0000066,LIVE-0004,email_sent,2026-07-18T14:25:49
A-0000067,LIVE-0004,no_activity_7d,2026-07-21T00:00:00
A-0000068,LIVE-0004,meeting_held,2026-08-01T22:42:41
A-0000069,LIVE-0004,stakeholder_added,2026-08-04T16:42:51
A-0000070,LIVE-0004,email_sent,2026-08-06T16:28:38
A-0000071,LIVE-0004,email_replied,2026-08-13T04:44:59
A-0000072,LIVE-0004,meeting_held,2026-08-13T05:47:54
A-0000073,LIVE-0004,email_sent,2026-08-14T06:58:07
A-0000074,LIVE-0004,email_replied,2026-08-21T12:19:13
A-0000075,LIVE-0004,stakeholder_added,2026-08-26T19:07:41
A-0000076,LIVE-0004,discount_requested,2026-08-27T08:48:08
A-0000077,LIVE-0004,demo_done,2026-08-28T00:48:44
A-0000078,LIVE-0004,demo_done,2026-09-03T22:22:33
A-0000079,LIVE-0004,champion_identified,2026-09-04T16:12:18
A-0000080,LIVE-0004,email_sent,2026-09-05T18:14:09
A-0000081,LIVE-0005,email_sent,2026-08-26T05:46:00
A-0000082,LIVE-0005,email_replied,2026-08-28T17:20:18
A-0000083,LIVE-0005,email_replied,2026-09-02T16:31:43
A-0000084,LIVE-0005,email_sent,2026-09-04T13:34:57
A-0000085,LIVE-0006,meeting_held,2026-08-21T06:24:50
A-0000086,LIVE-0006,stakeholder_added,2026-08-23T05:31:42
A-0000087,LIVE-0006,email_sent,2026-08-28T01:49:55
A-0000088,LIVE-0006,meeting_held,2026-08-28T20:20:26
A-0000089,LIVE-0007,meeting_held,2026-06-15T08:45:02
A-0000090,LIVE-0007,email_replied,2026-06-25T07:50:53
A-0000091,LIVE-0007,meeting_held,2026-06-25T19:29:29
A-0000092,LIVE-0007,demo_done,2026-07-01T13:47:54
A-0000093,LIVE-0007,email_sent,2026-07-03T03:34:39
A-0000094,LIVE-0007,email_sent,2026-07-09T09:43:29
A-0000095,LIVE-0007,demo_done,2026-07-13T01:53:08
A-0000096,LIVE-0007,email_replied,2026-07-14T19:18:04
A-0000097,LIVE-0007,email_sent,2026-07-20T15:55:44
A-0000098,LIVE-0007,email_replied,2026-07-22T14:40:27
A-0000099,LIVE-0007,email_sent,2026-07-22T22:37:05
A-0000100,LIVE-0007,meeting_held,2026-07-24T18:23:52
A-0000101,LIVE-0007,email_sent,2026-07-28T01:04:47
A-0000102,LIVE-0007,email_sent,2026-07-28T23:23:06
A-0000103,LIVE-0007,proposal_sent,2026-08-07T07:05:11
A-0000104,LIVE-0007,email_replied,2026-08-10T11:34:07
A-0000105,LIVE-0007,meeting_held,2026-08-12T01:13:31
A-0000106,LIVE-0007,discount_requested,2026-08-14T00:47:42
A-0000107,LIVE-0007,email_replied,2026-08-18T19:55:09
A-0000108,LIVE-0007,champion_identified,2026-08-19T11:06:08
A-0000109,LIVE-0007,email_sent,2026-08-20T00:10:48
A-0000110,LIVE-0007,discount_requested,2026-08-20T19:59:16
A-0000111,LIVE-0007,meeting_held,2026-08-25T02:57:34
A-0000112,LIVE-0007,no_activity_7d,2026-08-31T00:00:00
A-0000113,LIVE-0007,email_sent,2026-08-31T05:29:17
A-0000114,LIVE-0007,email_sent,2026-08-31T18:37:49
A-0000115,LIVE-0007,email_sent,2026-09-01T11:33:32
A-0000116,LIVE-0008,meeting_held,2026-05-29T09:13:05
A-0000117,LIVE-0008,email_sent,2026-05-31T19:17:26
A-0000118,LIVE-0008,email_sent,2026-06-01T13:12:16
A-0000119,LIVE-0008,email_replied,2026-06-05T19:45:39
A-0000120,LIVE-0008,meeting_held,2026-06-08T14:02:19
A-0000121,LIVE-0008,email_sent,2026-06-11T13:24:39
A-0000122,LIVE-0008,email_sent,2026-06-15T05:31:35
A-0000123,LIVE-0008,proposal_sent,2026-06-18T00:00:32
A-0000124,LIVE-0008,email_sent,2026-06-18T05:09:20
A-0000125,LIVE-0008,email_sent,2026-06-19T02:09:20
A-0000126,LIVE-0008,email_sent,2026-06-20T05:56:14
A-0000127,LIVE-0008,email_sent,2026-06-21T01:18:26
A-0000128,LIVE-0008,email_sent,2026-06-25T00:13:23
A-0000129,LIVE-0008,email_replied,2026-07-02T07:35:16
A-0000130,LIVE-0008,demo_done,2026-07-03T13:56:04
A-0000131,LIVE-0008,meeting_held,2026-07-09T14:36:58
A-0000132,LIVE-0008,discount_requested,2026-07-09T17:21:11
A-0000133,LIVE-0008,email_replied,2026-07-10T07:18:01
A-0000134,LIVE-0008,stakeholder_added,2026-07-12T09:21:40
A-0000135,LIVE-0008,email_sent,2026-07-13T03:56:04
A-0000136,LIVE-0008,email_sent,2026-07-13T15:11:06
A-0000137,LIVE-0008,email_sent,2026-07-16T00:18:11
A-0000138,LIVE-0008,demo_done,2026-07-20T01:15:30
A-0000139,LIVE-0008,meeting_held,2026-07-20T17:50:49
A-0000140,LIVE-0008,email_sent,2026-07-27T12:53:30
A-0000141,LIVE-0008,email_sent,2026-07-31T02:12:00
A-0000142,LIVE-0008,email_replied,2026-07-31T23:56:57
A-0000143,LIVE-0008,no_activity_7d,2026-08-06T00:00:00
A-0000144,LIVE-0008,email_sent,2026-08-15T09:10:20
A-0000145,LIVE-0008,demo_done,2026-08-20T01:05:04
A-0000146,LIVE-0008,email_replied,2026-08-22T18:14:57
A-0000147,LIVE-0008,stakeholder_added,2026-08-23T04:33:18
A-0000148,LIVE-0008,email_sent,2026-08-23T17:30:50
A-0000149,LIVE-0009,email_replied,2026-09-02T23:35:00
A-0000150,LIVE-0010,email_sent,2026-05-22T17:38:23
A-0000151,LIVE-0010,no_activity_7d,2026-05-29T00:00:00
A-0000152,LIVE-0010,email_sent,2026-05-29T17:48:29
A-0000153,LIVE-0010,email_sent,2026-06-09T00:53:06
A-0000154,LIVE-0010,email_sent,2026-06-09T03:56:27
A-0000155,LIVE-0010,email_replied,2026-06-13T05:13:55
A-0000156,LIVE-0010,email_sent,2026-06-13T15:02:44
A-0000157,LIVE-0010,stakeholder_added,2026-06-14T10:21:55
A-0000158,LIVE-0010,email_sent,2026-06-15T06:07:00
A-0000159,LIVE-0010,email_sent,2026-06-15T14:49:57
A-0000160,LIVE-0010,email_sent,2026-06-20T03:11:28
A-0000161,LIVE-0010,email_replied,2026-06-21T02:35:39
A-0000162,LIVE-0010,email_sent,2026-06-23T10:24:32
A-0000163,LIVE-0010,demo_done,2026-06-26T16:02:52
A-0000164,LIVE-0010,email_replied,2026-06-29T11:08:38
A-0000165,LIVE-0010,proposal_sent,2026-06-30T09:08:20
A-0000166,LIVE-0010,email_sent,2026-07-03T08:47:06
A-0000167,LIVE-0010,stakeholder_added,2026-07-03T21:32:31
A-0000168,LIVE-0010,discount_requested,2026-07-04T15:33:46
A-0000169,LIVE-0010,email_sent,2026-07-07T16:28:09
A-0000170,LIVE-0010,email_sent,2026-07-12T18:57:46
A-0000171,LIVE-0010,email_replied,2026-07-17T05:02:32
A-0000172,LIVE-0010,demo_done,2026-07-18T01:51:15
A-0000173,LIVE-0010,email_sent,2026-07-18T21:23:15
A-0000174,LIVE-0010,no_activity_7d,2026-07-24T00:00:00
A-0000175,LIVE-0010,no_activity_7d,2026-07-31T00:00:00
A-0000176,LIVE-0010,email_sent,2026-08-01T13:57:48
A-0000177,LIVE-0010,email_sent,2026-08-08T19:58:51
A-0000178,LIVE-0010,demo_done,2026-08-14T01:19:42
A-0000179,LIVE-0010,email_sent,2026-08-14T17:07:39
A-0000180,LIVE-0010,discount_requested,2026-08-16T02:56:39
A-0000181,LIVE-0010,stakeholder_added,2026-08-16T16:25:50
A-0000182,LIVE-0010,email_sent,2026-08-16T20:42:31
A-0000183,LIVE-0010,email_replied,2026-08-21T01:48:42
A-0000184,LIVE-0010,email_sent,2026-08-22T20:32:54
A-0000185,LIVE-0010,champion_identified,2026-08-25T12:56:35
A-0000186,LIVE-0010,meeting_held,2026-08-31T22:26:29
A-0000187,LIVE-0011,no_activity_7d,2026-07-24T00:00:00
A-0000188,LIVE-0011,no_activity_7d,2026-07-31T00:00:00
A-0000189,LIVE-0011,email_sent,2026-08-01T06:22:39
A-0000190,LIVE-0011,meeting_held,2026-08-10T02:20:03
A-0000191,LIVE-0011,champion_identified,2026-08-16T10:36:49
A-0000192,LIVE-0011,email_replied,2026-08-18T08:12:37
A-0000193,LIVE-0011,email_replied,2026-08-21T12:40:53
A-0000194,LIVE-0011,email_sent,2026-08-22T23:58:09
A-0000195,LIVE-0011,email_sent,2026-08-28T15:53:15
A-0000196,LIVE-0011,email_sent,2026-08-29T03:25:38
A-0000197,LIVE-0011,email_sent,2026-08-30T14:15:30
A-0000198,LIVE-0012,meeting_held,2026-06-26T23:13:12
A-0000199,LIVE-0012,email_sent,2026-06-29T22:00:27
A-0000200,LIVE-0012,email_sent,2026-07-06T01:15:20
A-0000201,LIVE-0012,email_sent,2026-07-06T07:53:54
A-0000202,LIVE-0012,stakeholder_added,2026-07-11T11:31:43
A-0000203,LIVE-0012,email_replied,2026-07-14T01:47:33
A-0000204,LIVE-0012,email_sent,2026-07-20T17:28:47
A-0000205,LIVE-0012,meeting_held,2026-07-21T19:23:59
A-0000206,LIVE-0012,email_sent,2026-07-24T00:30:29
A-0000207,LIVE-0012,meeting_held,2026-07-25T00:00:41
A-0000208,LIVE-0012,email_replied,2026-07-26T21:48:34
A-0000209,LIVE-0012,no_activity_7d,2026-07-31T00:00:00
A-0000210,LIVE-0012,email_sent,2026-08-02T17:47:20
A-0000211,LIVE-0012,email_sent,2026-08-07T14:52:32
A-0000212,LIVE-0012,email_sent,2026-08-16T05:24:41
A-0000213,LIVE-0012,email_sent,2026-08-17T17:46:31
A-0000214,LIVE-0012,email_sent,2026-08-22T20:07:08
A-0000215,LIVE-0012,email_sent,2026-08-23T01:51:08
A-0000216,LIVE-0012,email_sent,2026-08-23T14:50:45
A-0000217,LIVE-0012,email_replied,2026-08-24T05:09:48
A-0000218,LIVE-0012,email_replied,2026-09-01T11:52:14
A-0000219,LIVE-0013,no_activity_7d,2026-07-31T00:00:00
A-0000220,LIVE-0013,stakeholder_added,2026-08-09T02:41:36
A-0000221,LIVE-0013,email_sent,2026-08-10T00:19:55
A-0000222,LIVE-0013,meeting_held,2026-08-10T18:26:29
A-0000223,LIVE-0013,email_sent,2026-08-10T19:56:15
A-0000224,LIVE-0013,email_replied,2026-08-10T20:35:18
A-0000225,LIVE-0013,demo_done,2026-08-18T12:55:28
A-0000226,LIVE-0013,no_activity_7d,2026-08-21T00:00:00
A-0000227,LIVE-0013,demo_done,2026-08-28T17:24:02
A-0000228,LIVE-0013,email_sent,2026-08-28T20:50:37
A-0000229,LIVE-0014,no_activity_7d,2026-08-30T00:00:00
A-0000230,LIVE-0014,email_sent,2026-08-30T09:00:17
A-0000231,LIVE-0014,email_sent,2026-08-31T16:57:47
A-0000232,LIVE-0015,email_sent,2026-06-23T07:49:26
A-0000233,LIVE-0015,email_replied,2026-07-02T02:15:04
A-0000234,LIVE-0015,email_sent,2026-07-02T03:59:38
A-0000235,LIVE-0015,email_sent,2026-07-02T10:07:01
A-0000236,LIVE-0015,email_sent,2026-07-07T05:58:00
A-0000237,LIVE-0015,email_replied,2026-07-10T17:22:04
A-0000238,LIVE-0015,no_activity_7d,2026-07-13T00:00:00
A-0000239,LIVE-0015,email_sent,2026-07-21T06:39:20
A-0000240,LIVE-0015,meeting_held,2026-07-22T00:29:07
A-0000241,LIVE-0015,email_sent,2026-07-22T15:56:30
A-0000242,LIVE-0015,proposal_sent,2026-07-27T05:35:59
A-0000243,LIVE-0015,email_replied,2026-07-31T00:00:23
A-0000244,LIVE-0015,email_replied,2026-08-03T07:38:17
A-0000245,LIVE-0015,email_sent,2026-08-04T14:14:59
A-0000246,LIVE-0015,champion_identified,2026-08-10T02:36:43
A-0000247,LIVE-0015,meeting_held,2026-08-14T16:43:22
A-0000248,LIVE-0015,meeting_held,2026-08-17T05:24:51
A-0000249,LIVE-0015,email_sent,2026-08-17T11:16:32
A-0000250,LIVE-0015,email_sent,2026-08-19T20:14:47
A-0000251,LIVE-0015,email_replied,2026-08-20T19:03:55
A-0000252,LIVE-0015,email_sent,2026-08-24T17:02:26
A-0000253,LIVE-0015,email_replied,2026-08-24T21:51:37
A-0000254,LIVE-0015,email_sent,2026-08-26T11:02:14
A-0000255,LIVE-0015,email_sent,2026-09-04T09:52:29
A-0000256,LIVE-0016,meeting_held,2026-05-21T04:51:09
A-0000257,LIVE-0016,email_sent,2026-05-25T15:53:05
A-0000258,LIVE-0016,email_replied,2026-05-28T02:50:54
A-0000259,LIVE-0016,email_sent,2026-06-09T21:49:02
A-0000260,LIVE-0016,stakeholder_added,2026-06-10T19:13:26
A-0000261,LIVE-0016,meeting_held,2026-06-12T11:59:49
A-0000262,LIVE-0016,email_sent,2026-06-15T14:28:04
A-0000263,LIVE-0016,meeting_held,2026-06-17T23:01:19
A-0000264,LIVE-0016,email_sent,2026-06-26T18:52:53
A-0000265,LIVE-0016,email_sent,2026-06-29T12:34:29
A-0000266,LIVE-0016,email_replied,2026-06-30T20:54:45
A-0000267,LIVE-0016,email_replied,2026-07-07T04:35:09
A-0000268,LIVE-0016,email_sent,2026-07-07T17:49:51
A-0000269,LIVE-0016,email_sent,2026-07-13T18:37:44
A-0000270,LIVE-0016,email_replied,2026-07-16T13:39:56
A-0000271,LIVE-0016,no_activity_7d,2026-07-20T00:00:00
A-0000272,LIVE-0016,email_sent,2026-07-30T08:16:34
A-0000273,LIVE-0016,email_sent,2026-07-30T17:09:15
A-0000274,LIVE-0016,email_sent,2026-08-04T07:31:41
A-0000275,LIVE-0016,stakeholder_added,2026-08-05T14:56:34
A-0000276,LIVE-0016,email_replied,2026-08-07T23:32:24
A-0000277,LIVE-0016,email_sent,2026-08-10T02:58:38
A-0000278,LIVE-0016,email_sent,2026-08-12T14:40:42
A-0000279,LIVE-0016,email_sent,2026-08-12T17:51:43
A-0000280,LIVE-0016,email_sent,2026-08-17T04:56:48
A-0000281,LIVE-0016,demo_done,2026-08-18T10:14:42
A-0000282,LIVE-0016,meeting_held,2026-08-18T20:54:49
A-0000283,LIVE-0016,email_sent,2026-08-24T22:30:57
A-0000284,LIVE-0016,email_replied,2026-08-25T13:25:46
A-0000285,LIVE-0016,no_activity_7d,2026-08-31T00:00:00
A-0000286,LIVE-0016,email_sent,2026-08-31T01:38:29
A-0000287,LIVE-0017,email_replied,2026-07-07T18:14:43
A-0000288,LIVE-0017,meeting_held,2026-07-12T07:09:51
A-0000289,LIVE-0017,demo_done,2026-07-17T02:52:23
A-0000290,LIVE-0017,email_replied,2026-07-18T12:45:30
A-0000291,LIVE-0017,email_sent,2026-07-19T11:18:16
A-0000292,LIVE-0017,no_activity_7d,2026-07-24T00:00:00
A-0000293,LIVE-0017,email_sent,2026-07-27T15:02:13
A-0000294,LIVE-0017,meeting_held,2026-08-01T18:09:10
A-0000295,LIVE-0017,email_sent,2026-08-04T07:58:56
A-0000296,LIVE-0017,meeting_held,2026-08-08T00:52:54
A-0000297,LIVE-0017,email_sent,2026-08-11T02:34:54
A-0000298,LIVE-0017,no_activity_7d,2026-08-14T00:00:00
A-0000299,LIVE-0017,no_activity_7d,2026-08-21T00:00:00
A-0000300,LIVE-0017,email_sent,2026-08-22T00:51:20
A-0000301,LIVE-0017,email_sent,2026-08-25T14:22:12
A-0000302,LIVE-0017,email_replied,2026-09-01T07:51:06
A-0000303,LIVE-0017,stakeholder_added,2026-09-01T19:36:51
A-0000304,LIVE-0018,stakeholder_added,2026-05-19T18:12:23
A-0000305,LIVE-0018,email_sent,2026-05-26T19:01:55
A-0000306,LIVE-0018,email_sent,2026-05-28T10:31:06
A-0000307,LIVE-0018,email_sent,2026-05-28T10:55:35
A-0000308,LIVE-0018,email_sent,2026-05-29T03:01:58
A-0000309,LIVE-0018,meeting_held,2026-05-29T18:47:13
A-0000310,LIVE-0018,email_replied,2026-06-05T18:37:22
A-0000311,LIVE-0018,demo_done,2026-06-10T14:37:40
A-0000312,LIVE-0018,email_sent,2026-06-10T18:01:10
A-0000313,LIVE-0018,champion_identified,2026-06-12T18:17:53
A-0000314,LIVE-0018,proposal_sent,2026-06-15T02:35:22
A-0000315,LIVE-0018,email_sent,2026-06-22T03:36:02
A-0000316,LIVE-0018,discount_requested,2026-06-22T08:17:06
A-0000317,LIVE-0018,email_replied,2026-06-25T00:49:25
A-0000318,LIVE-0018,email_sent,2026-06-26T07:34:09
A-0000319,LIVE-0018,email_sent,2026-06-30T05:07:35
A-0000320,LIVE-0018,discount_requested,2026-06-30T15:46:43
A-0000321,LIVE-0018,email_replied,2026-07-01T01:04:25
A-0000322,LIVE-0018,email_sent,2026-07-06T11:52:21
A-0000323,LIVE-0018,email_sent,2026-07-13T11:29:29
A-0000324,LIVE-0018,demo_done,2026-07-16T22:45:42
A-0000325,LIVE-0018,email_sent,2026-07-17T17:53:26
A-0000326,LIVE-0018,email_sent,2026-07-21T03:19:06
A-0000327,LIVE-0018,email_sent,2026-07-21T06:30:40
A-0000328,LIVE-0018,email_replied,2026-07-24T18:25:15
A-0000329,LIVE-0018,email_sent,2026-07-28T20:29:51
A-0000330,LIVE-0018,email_replied,2026-07-31T15:18:54
A-0000331,LIVE-0018,email_sent,2026-08-05T22:45:46
A-0000332,LIVE-0018,meeting_held,2026-08-06T07:17:58
A-0000333,LIVE-0018,email_sent,2026-08-06T13:01:18
A-0000334,LIVE-0018,email_sent,2026-08-07T00:01:14
A-0000335,LIVE-0018,email_sent,2026-08-12T02:48:49
A-0000336,LIVE-0018,email_sent,2026-08-12T22:21:41
A-0000337,LIVE-0018,email_replied,2026-08-13T17:57:26
A-0000338,LIVE-0018,email_replied,2026-08-19T17:47:18
A-0000339,LIVE-0018,meeting_held,2026-08-20T22:14:07
A-0000340,LIVE-0018,demo_done,2026-08-24T23:01:00
A-0000341,LIVE-0018,email_sent,2026-08-28T02:44:56
A-0000342,LIVE-0018,email_sent,2026-08-28T08:45:21
A-0000343,LIVE-0018,email_sent,2026-09-02T16:42:03
A-0000344,LIVE-0019,email_sent,2026-07-06T09:34:39
A-0000345,LIVE-0019,email_sent,2026-07-08T01:53:57
A-0000346,LIVE-0019,email_sent,2026-07-13T04:15:14
A-0000347,LIVE-0019,stakeholder_added,2026-07-15T16:55:19
A-0000348,LIVE-0019,email_sent,2026-07-20T03:51:18
A-0000349,LIVE-0019,stakeholder_added,2026-07-20T15:15:21
A-0000350,LIVE-0019,email_sent,2026-07-27T05:06:30
A-0000351,LIVE-0019,email_sent,2026-07-27T19:55:28
A-0000352,LIVE-0019,email_sent,2026-07-29T18:08:09
A-0000353,LIVE-0019,email_sent,2026-07-31T12:22:41
A-0000354,LIVE-0019,email_replied,2026-08-07T23:42:53
A-0000355,LIVE-0019,email_replied,2026-08-14T19:58:42
A-0000356,LIVE-0019,email_sent,2026-09-01T01:06:29
A-0000357,LIVE-0019,email_replied,2026-09-02T13:58:38
A-0000358,LIVE-0019,email_sent,2026-09-04T05:04:38
A-0000359,LIVE-0020,meeting_held,2026-07-01T15:00:31
A-0000360,LIVE-0020,email_sent,2026-07-12T23:32:04
A-0000361,LIVE-0020,email_sent,2026-07-13T02:27:01
A-0000362,LIVE-0020,stakeholder_added,2026-07-13T13:11:04
A-0000363,LIVE-0020,demo_done,2026-07-18T08:30:11
A-0000364,LIVE-0020,email_sent,2026-07-22T00:41:16
A-0000365,LIVE-0020,no_activity_7d,2026-07-25T00:00:00
A-0000366,LIVE-0020,email_sent,2026-07-25T01:38:35
A-0000367,LIVE-0020,email_sent,2026-08-02T14:43:50
A-0000368,LIVE-0020,email_sent,2026-08-05T13:57:32
A-0000369,LIVE-0020,email_sent,2026-08-08T16:13:32
A-0000370,LIVE-0020,email_sent,2026-08-09T18:00:46
A-0000371,LIVE-0020,stakeholder_added,2026-08-10T05:31:12
A-0000372,LIVE-0020,email_sent,2026-08-31T06:49:22
A-0000373,LIVE-0020,demo_done,2026-09-01T04:33:15
A-0000374,LIVE-0020,email_sent,2026-09-02T20:41:01
A-0000375,LIVE-0021,no_activity_7d,2026-07-03T00:00:00
A-0000376,LIVE-0021,email_sent,2026-07-07T03:19:13
A-0000377,LIVE-0021,email_replied,2026-07-10T08:59:20
A-0000378,LIVE-0021,email_sent,2026-07-12T15:19:56
A-0000379,LIVE-0021,email_sent,2026-07-18T14:13:58
A-0000380,LIVE-0021,meeting_held,2026-07-20T19:58:33
A-0000381,LIVE-0021,proposal_sent,2026-07-24T13:34:21
A-0000382,LIVE-0021,email_sent,2026-07-25T09:26:17
A-0000383,LIVE-0021,email_sent,2026-07-27T03:28:43
A-0000384,LIVE-0021,meeting_held,2026-07-31T09:44:03
A-0000385,LIVE-0021,email_replied,2026-08-04T02:30:35
A-0000386,LIVE-0021,discount_requested,2026-08-09T07:01:59
A-0000387,LIVE-0021,no_activity_7d,2026-08-21T00:00:00
A-0000388,LIVE-0021,demo_done,2026-08-29T00:47:48
A-0000389,LIVE-0021,email_sent,2026-08-30T20:50:23
A-0000390,LIVE-0021,email_sent,2026-09-01T01:09:30
A-0000391,LIVE-0022,email_replied,2026-05-16T07:32:37
A-0000392,LIVE-0022,email_sent,2026-05-17T09:44:20
A-0000393,LIVE-0022,email_replied,2026-05-21T06:00:25
A-0000394,LIVE-0022,email_sent,2026-05-23T16:47:33
A-0000395,LIVE-0022,champion_identified,2026-05-27T00:24:01
A-0000396,LIVE-0022,email_sent,2026-05-28T19:33:24
A-0000397,LIVE-0022,email_sent,2026-05-29T10:31:22
A-0000398,LIVE-0022,email_replied,2026-05-29T18:28:50
A-0000399,LIVE-0022,email_sent,2026-06-03T21:11:12
A-0000400,LIVE-0022,meeting_held,2026-06-05T01:11:06
A-0000401,LIVE-0022,email_replied,2026-06-06T11:40:35
A-0000402,LIVE-0022,email_sent,2026-06-12T18:21:17
A-0000403,LIVE-0022,email_replied,2026-06-13T02:27:44
A-0000404,LIVE-0022,email_sent,2026-06-14T19:11:02
A-0000405,LIVE-0022,email_sent,2026-06-17T09:32:32
A-0000406,LIVE-0022,email_sent,2026-06-18T05:08:49
A-0000407,LIVE-0022,email_replied,2026-06-21T04:26:26
A-0000408,LIVE-0022,no_activity_7d,2026-06-24T00:00:00
A-0000409,LIVE-0022,email_sent,2026-06-28T00:42:07
A-0000410,LIVE-0022,meeting_held,2026-07-02T19:17:21
A-0000411,LIVE-0022,email_replied,2026-07-03T03:54:09
A-0000412,LIVE-0022,email_sent,2026-07-03T21:02:59
A-0000413,LIVE-0022,email_sent,2026-07-04T21:38:28
A-0000414,LIVE-0022,stakeholder_added,2026-07-08T03:47:43
A-0000415,LIVE-0022,meeting_held,2026-07-11T08:28:06
A-0000416,LIVE-0022,email_sent,2026-07-11T21:54:15
A-0000417,LIVE-0022,email_replied,2026-07-22T10:25:30
A-0000418,LIVE-0022,meeting_held,2026-07-23T02:20:26
A-0000419,LIVE-0022,email_sent,2026-07-29T15:48:37
A-0000420,LIVE-0022,email_replied,2026-07-29T17:08:18
A-0000421,LIVE-0022,email_sent,2026-07-29T21:37:04
A-0000422,LIVE-0022,email_sent,2026-08-02T12:16:57
A-0000423,LIVE-0022,demo_done,2026-08-02T23:22:34
A-0000424,LIVE-0022,email_sent,2026-08-07T20:55:22
A-0000425,LIVE-0022,meeting_held,2026-08-08T16:54:15
A-0000426,LIVE-0022,email_sent,2026-08-12T19:46:54
A-0000427,LIVE-0022,email_replied,2026-08-15T20:05:30
A-0000428,LIVE-0022,email_sent,2026-08-16T14:19:44
A-0000429,LIVE-0022,email_sent,2026-08-16T22:25:31
A-0000430,LIVE-0022,email_sent,2026-08-19T06:20:23
A-0000431,LIVE-0022,demo_done,2026-08-23T07:34:03
A-0000432,LIVE-0022,email_replied,2026-08-23T22:02:00
A-0000433,LIVE-0022,meeting_held,2026-08-30T20:11:16
A-0000434,LIVE-0023,email_sent,2026-05-10T13:45:57
A-0000435,LIVE-0023,email_replied,2026-05-11T07:28:58
A-0000436,LIVE-0023,email_sent,2026-05-12T04:27:23
A-0000437,LIVE-0023,meeting_held,2026-05-16T12:15:55
A-0000438,LIVE-0023,email_sent,2026-05-17T16:26:43
A-0000439,LIVE-0023,champion_identified,2026-05-20T06:07:11
A-0000440,LIVE-0023,email_replied,2026-05-25T21:17:33
A-0000441,LIVE-0023,email_sent,2026-05-26T02:43:59
A-0000442,LIVE-0023,demo_done,2026-05-27T05:42:03
A-0000443,LIVE-0023,email_sent,2026-05-30T16:31:28
A-0000444,LIVE-0023,meeting_held,2026-05-30T22:16:33
A-0000445,LIVE-0023,no_activity_7d,2026-06-06T00:00:00
A-0000446,LIVE-0023,email_sent,2026-06-06T10:59:55
A-0000447,LIVE-0023,proposal_sent,2026-06-14T08:09:52
A-0000448,LIVE-0023,email_sent,2026-06-16T12:24:47
A-0000449,LIVE-0023,email_replied,2026-06-17T18:11:55
A-0000450,LIVE-0023,email_sent,2026-06-24T07:38:47
A-0000451,LIVE-0023,meeting_held,2026-06-30T10:44:01
A-0000452,LIVE-0023,email_sent,2026-06-30T21:02:28
A-0000453,LIVE-0023,no_activity_7d,2026-07-04T00:00:00
A-0000454,LIVE-0023,no_activity_7d,2026-07-11T00:00:00
A-0000455,LIVE-0023,no_activity_7d,2026-07-18T00:00:00
A-0000456,LIVE-0023,stakeholder_added,2026-07-25T08:16:47
A-0000457,LIVE-0023,email_sent,2026-08-03T00:49:54
A-0000458,LIVE-0023,meeting_held,2026-08-05T05:31:47
A-0000459,LIVE-0023,no_activity_7d,2026-08-08T00:00:00
A-0000460,LIVE-0023,email_replied,2026-08-16T10:09:23
A-0000461,LIVE-0023,email_sent,2026-08-18T14:44:57
A-0000462,LIVE-0023,email_sent,2026-08-26T22:52:38
A-0000463,LIVE-0023,email_replied,2026-09-01T08:59:25
A-0000464,LIVE-0024,email_sent,2026-08-21T19:40:46
A-0000465,LIVE-0024,meeting_held,2026-08-24T13:29:43
A-0000466,LIVE-0024,email_sent,2026-08-28T10:32:15
A-0000467,LIVE-0024,email_sent,2026-08-30T18:19:43
A-0000468,LIVE-0024,email_replied,2026-08-30T23:46:41
A-0000469,LIVE-0024,meeting_held,2026-08-31T22:04:04
A-0000470,LIVE-0024,email_sent,2026-08-31T23:34:00
A-0000471,LIVE-0025,email_replied,2026-05-21T11:17:32
A-0000472,LIVE-0025,meeting_held,2026-05-28T10:21:37
A-0000473,LIVE-0025,email_sent,2026-06-05T20:33:22
A-0000474,LIVE-0025,email_sent,2026-06-08T04:02:54
A-0000475,LIVE-0025,proposal_sent,2026-06-08T04:38:02
A-0000476,LIVE-0025,demo_done,2026-06-14T14:48:00
A-0000477,LIVE-0025,demo_done,2026-06-18T02:12:57
A-0000478,LIVE-0025,email_sent,2026-06-21T01:43:18
A-0000479,LIVE-0025,email_replied,2026-06-25T12:17:09
A-0000480,LIVE-0025,email_sent,2026-06-28T13:25:43
A-0000481,LIVE-0025,no_activity_7d,2026-07-02T00:00:00
A-0000482,LIVE-0025,email_sent,2026-07-02T22:52:14
A-0000483,LIVE-0025,email_sent,2026-07-04T02:40:53
A-0000484,LIVE-0025,email_sent,2026-07-06T18:38:56
A-0000485,LIVE-0025,meeting_held,2026-07-11T13:46:50
A-0000486,LIVE-0025,email_sent,2026-07-13T00:34:48
A-0000487,LIVE-0025,discount_requested,2026-07-17T15:59:06
A-0000488,LIVE-0025,email_sent,2026-07-17T23:22:48
A-0000489,LIVE-0025,meeting_held,2026-07-18T04:13:43
A-0000490,LIVE-0025,demo_done,2026-07-24T12:18:21
A-0000491,LIVE-0025,email_sent,2026-07-27T05:07:59
A-0000492,LIVE-0025,no_activity_7d,2026-07-30T00:00:00
A-0000493,LIVE-0025,email_sent,2026-08-03T21:04:13
A-0000494,LIVE-0025,email_sent,2026-08-08T06:17:45
A-0000495,LIVE-0025,email_sent,2026-08-15T12:58:20
A-0000496,LIVE-0025,demo_done,2026-08-20T15:42:08
A-0000497,LIVE-0025,email_sent,2026-08-21T01:14:39
A-0000498,LIVE-0025,email_sent,2026-08-21T16:32:54
A-0000499,LIVE-0025,email_sent,2026-08-24T07:31:42
A-0000500,LIVE-0025,demo_done,2026-08-28T15:41:34
A-0000501,LIVE-0025,email_replied,2026-08-29T20:58:17
A-0000502,LIVE-0026,email_replied,2026-08-05T09:10:33
A-0000503,LIVE-0026,meeting_held,2026-08-05T20:41:57
A-0000504,LIVE-0026,email_sent,2026-08-09T04:54:41
A-0000505,LIVE-0026,email_replied,2026-08-09T08:29:01
A-0000506,LIVE-0026,email_sent,2026-08-09T16:08:16
A-0000507,LIVE-0026,email_replied,2026-08-16T15:56:17
A-0000508,LIVE-0026,email_sent,2026-08-18T12:51:06
A-0000509,LIVE-0026,stakeholder_added,2026-08-18T15:51:34
A-0000510,LIVE-0026,proposal_sent,2026-08-24T13:43:57
A-0000511,LIVE-0026,discount_requested,2026-08-24T23:50:20
A-0000512,LIVE-0026,stakeholder_added,2026-08-26T03:34:21
A-0000513,LIVE-0026,email_replied,2026-08-31T22:49:56
A-0000514,LIVE-0026,discount_requested,2026-09-01T08:02:50
A-0000515,LIVE-0026,email_sent,2026-09-02T00:27:07
A-0000516,LIVE-0027,meeting_held,2026-07-04T03:54:19
A-0000517,LIVE-0027,email_sent,2026-07-09T21:06:41
A-0000518,LIVE-0027,email_sent,2026-07-10T21:14:14
A-0000519,LIVE-0027,email_replied,2026-07-10T21:36:16
A-0000520,LIVE-0027,email_sent,2026-07-11T01:09:37
A-0000521,LIVE-0027,email_sent,2026-07-15T16:23:47
A-0000522,LIVE-0027,email_sent,2026-07-16T06:58:34
A-0000523,LIVE-0027,meeting_held,2026-07-18T10:42:31
A-0000524,LIVE-0027,email_sent,2026-07-18T20:37:01
A-0000525,LIVE-0027,email_replied,2026-07-19T05:56:05
A-0000526,LIVE-0027,stakeholder_added,2026-07-19T11:07:59
A-0000527,LIVE-0027,stakeholder_added,2026-07-23T13:07:13
A-0000528,LIVE-0027,meeting_held,2026-07-23T16:57:28
A-0000529,LIVE-0027,proposal_sent,2026-07-26T08:36:17
A-0000530,LIVE-0027,email_replied,2026-07-26T17:39:07
A-0000531,LIVE-0027,demo_done,2026-07-29T06:23:04
A-0000532,LIVE-0027,stakeholder_added,2026-07-30T06:12:28
A-0000533,LIVE-0027,meeting_held,2026-07-30T09:37:49
A-0000534,LIVE-0027,email_replied,2026-08-01T00:11:54
A-0000535,LIVE-0027,email_sent,2026-08-07T20:52:37
A-0000536,LIVE-0027,stakeholder_added,2026-08-07T21:21:38
A-0000537,LIVE-0027,discount_requested,2026-08-08T21:47:38
A-0000538,LIVE-0027,champion_identified,2026-08-09T00:52:44
A-0000539,LIVE-0027,email_sent,2026-08-12T19:17:41
A-0000540,LIVE-0027,email_replied,2026-08-15T13:06:12
A-0000541,LIVE-0027,stakeholder_added,2026-08-16T09:24:28
A-0000542,LIVE-0027,email_replied,2026-08-19T02:55:40
A-0000543,LIVE-0027,meeting_held,2026-08-22T11:39:33
A-0000544,LIVE-0027,discount_requested,2026-08-23T05:13:53
A-0000545,LIVE-0027,email_sent,2026-08-30T14:37:33
A-0000546,LIVE-0028,email_sent,2026-07-04T06:54:20
A-0000547,LIVE-0028,no_activity_7d,2026-07-10T00:00:00
A-0000548,LIVE-0028,email_sent,2026-07-12T04:10:50
A-0000549,LIVE-0028,no_activity_7d,2026-07-17T00:00:00
A-0000550,LIVE-0028,no_activity_7d,2026-07-24T00:00:00
A-0000551,LIVE-0028,no_activity_7d,2026-07-31T00:00:00
A-0000552,LIVE-0028,email_replied,2026-08-10T19:03:24
A-0000553,LIVE-0028,email_sent,2026-08-11T18:29:34
A-0000554,LIVE-0028,no_activity_7d,2026-08-14T00:00:00
A-0000555,LIVE-0028,email_replied,2026-08-31T07:36:43
A-0000556,LIVE-0028,stakeholder_added,2026-09-01T23:45:21
A-0000557,LIVE-0029,stakeholder_added,2026-05-05T00:34:16
A-0000558,LIVE-0029,email_sent,2026-05-05T19:37:26
A-0000559,LIVE-0029,email_sent,2026-05-12T19:59:50
A-0000560,LIVE-0029,stakeholder_added,2026-05-14T16:47:42
A-0000561,LIVE-0029,email_replied,2026-05-19T05:02:01
A-0000562,LIVE-0029,email_sent,2026-05-19T22:31:55
A-0000563,LIVE-0029,email_replied,2026-05-29T16:14:26
A-0000564,LIVE-0029,stakeholder_added,2026-05-29T18:10:41
A-0000565,LIVE-0029,email_replied,2026-06-02T20:43:44
A-0000566,LIVE-0029,meeting_held,2026-06-09T11:49:08
A-0000567,LIVE-0029,proposal_sent,2026-06-10T06:51:16
A-0000568,LIVE-0029,email_sent,2026-06-10T18:22:44
A-0000569,LIVE-0029,email_sent,2026-06-16T11:33:59
A-0000570,LIVE-0029,champion_identified,2026-06-17T08:05:21
A-0000571,LIVE-0029,stakeholder_added,2026-06-17T19:49:24
A-0000572,LIVE-0029,email_sent,2026-06-18T13:46:44
A-0000573,LIVE-0029,meeting_held,2026-06-24T18:02:52
A-0000574,LIVE-0029,email_replied,2026-06-27T23:01:57
A-0000575,LIVE-0029,meeting_held,2026-07-02T23:18:06
A-0000576,LIVE-0029,email_sent,2026-07-04T00:36:40
A-0000577,LIVE-0029,stakeholder_added,2026-07-09T18:53:11
A-0000578,LIVE-0029,stakeholder_added,2026-07-15T21:05:10
A-0000579,LIVE-0029,email_replied,2026-07-17T12:43:51
A-0000580,LIVE-0029,email_replied,2026-07-23T20:47:48
A-0000581,LIVE-0029,no_activity_7d,2026-07-28T00:00:00
A-0000582,LIVE-0029,email_sent,2026-08-06T20:46:57
A-0000583,LIVE-0029,email_replied,2026-08-07T01:29:24
A-0000584,LIVE-0029,stakeholder_added,2026-08-11T18:59:04
A-0000585,LIVE-0029,email_replied,2026-08-15T05:00:19
A-0000586,LIVE-0029,demo_done,2026-08-15T10:07:20
A-0000587,LIVE-0029,email_sent,2026-08-21T23:50:39
A-0000588,LIVE-0029,discount_requested,2026-08-22T17:27:29
A-0000589,LIVE-0029,stakeholder_added,2026-08-22T19:17:55
A-0000590,LIVE-0029,email_replied,2026-08-28T02:44:31
A-0000591,LIVE-0029,email_sent,2026-08-28T13:13:42
A-0000592,LIVE-0029,stakeholder_added,2026-08-29T10:47:47
A-0000593,LIVE-0029,meeting_held,2026-09-03T07:10:58
A-0000594,LIVE-0029,email_sent,2026-09-05T10:10:58
A-0000595,LIVE-0030,no_activity_7d,2026-07-08T00:00:00
A-0000596,LIVE-0030,no_activity_7d,2026-07-15T00:00:00
A-0000597,LIVE-0030,email_sent,2026-07-18T09:00:51
A-0000598,LIVE-0030,email_sent,2026-07-18T19:51:25
A-0000599,LIVE-0030,email_sent,2026-07-24T11:46:23
A-0000600,LIVE-0030,proposal_sent,2026-07-26T04:41:17
A-0000601,LIVE-0030,meeting_held,2026-07-31T19:50:19
A-0000602,LIVE-0030,meeting_held,2026-08-06T06:39:32
A-0000603,LIVE-0030,email_replied,2026-08-07T03:01:49
A-0000604,LIVE-0030,email_sent,2026-08-15T07:45:54
A-0000605,LIVE-0030,email_sent,2026-08-21T05:21:55
A-0000606,LIVE-0030,email_replied,2026-08-21T23:09:17
A-0000607,LIVE-0030,meeting_held,2026-08-23T10:21:52
A-0000608,LIVE-0031,email_replied,2026-06-08T01:48:55
A-0000609,LIVE-0031,email_sent,2026-06-08T11:29:03
A-0000610,LIVE-0031,email_sent,2026-06-10T05:05:31
A-0000611,LIVE-0031,email_replied,2026-06-14T22:21:29
A-0000612,LIVE-0031,champion_identified,2026-06-15T19:45:57
A-0000613,LIVE-0031,email_sent,2026-06-16T04:12:36
A-0000614,LIVE-0031,meeting_held,2026-06-23T01:12:40
A-0000615,LIVE-0031,email_sent,2026-06-24T06:37:35
A-0000616,LIVE-0031,email_sent,2026-06-24T09:29:53
A-0000617,LIVE-0031,email_replied,2026-07-01T17:17:47
A-0000618,LIVE-0031,email_replied,2026-07-06T08:44:28
A-0000619,LIVE-0031,email_sent,2026-07-15T21:33:39
A-0000620,LIVE-0031,email_replied,2026-07-16T00:57:41
A-0000621,LIVE-0031,proposal_sent,2026-07-16T17:44:09
A-0000622,LIVE-0031,email_sent,2026-07-22T13:25:46
A-0000623,LIVE-0031,email_replied,2026-07-30T19:05:17
A-0000624,LIVE-0031,email_sent,2026-07-30T20:42:57
A-0000625,LIVE-0031,email_replied,2026-08-03T19:23:32
A-0000626,LIVE-0031,meeting_held,2026-08-05T03:42:48
A-0000627,LIVE-0031,email_replied,2026-08-11T19:15:57
A-0000628,LIVE-0031,stakeholder_added,2026-08-16T23:24:16
A-0000629,LIVE-0031,email_sent,2026-08-17T08:22:44
A-0000630,LIVE-0031,email_replied,2026-08-19T00:25:43
A-0000631,LIVE-0031,no_activity_7d,2026-08-23T00:00:00
A-0000632,LIVE-0031,email_sent,2026-08-27T03:01:24
A-0000633,LIVE-0031,email_replied,2026-08-31T20:06:04
A-0000634,LIVE-0031,email_sent,2026-09-01T00:04:37
A-0000635,LIVE-0031,demo_done,2026-09-02T16:43:29
A-0000636,LIVE-0032,email_sent,2026-06-15T13:02:21
A-0000637,LIVE-0032,no_activity_7d,2026-06-21T00:00:00
A-0000638,LIVE-0032,email_sent,2026-06-23T18:20:24
A-0000639,LIVE-0032,email_sent,2026-06-29T14:02:18
A-0000640,LIVE-0032,email_replied,2026-07-15T13:10:52
A-0000641,LIVE-0032,email_sent,2026-07-15T17:27:56
A-0000642,LIVE-0032,no_activity_7d,2026-07-19T00:00:00
A-0000643,LIVE-0032,no_activity_7d,2026-07-26T00:00:00
A-0000644,LIVE-0032,email_sent,2026-08-03T18:12:54
A-0000645,LIVE-0032,email_replied,2026-08-05T07:26:19
A-0000646,LIVE-0032,email_sent,2026-08-10T06:46:10
A-0000647,LIVE-0032,email_sent,2026-08-11T09:30:34
A-0000648,LIVE-0032,email_replied,2026-08-11T13:43:04
A-0000649,LIVE-0032,email_sent,2026-08-12T14:44:29
A-0000650,LIVE-0032,email_sent,2026-08-13T17:23:48
A-0000651,LIVE-0032,email_sent,2026-08-17T05:03:34
A-0000652,LIVE-0032,email_sent,2026-08-20T07:04:05
A-0000653,LIVE-0032,email_replied,2026-08-20T14:33:45
A-0000654,LIVE-0032,email_sent,2026-08-25T15:58:10
A-0000655,LIVE-0032,email_replied,2026-09-03T08:10:18
A-0000656,LIVE-0032,email_sent,2026-09-03T17:16:03
A-0000657,LIVE-0033,no_activity_7d,2026-08-01T00:00:00
A-0000658,LIVE-0033,email_sent,2026-08-03T13:26:03
A-0000659,LIVE-0033,email_sent,2026-08-05T04:23:11
A-0000660,LIVE-0033,email_sent,2026-08-05T17:02:41
A-0000661,LIVE-0033,email_sent,2026-08-08T13:24:32
A-0000662,LIVE-0033,email_replied,2026-08-09T02:25:13
A-0000663,LIVE-0033,email_sent,2026-08-11T19:41:10
A-0000664,LIVE-0033,email_replied,2026-08-17T03:59:08
A-0000665,LIVE-0033,proposal_sent,2026-08-25T14:32:24
A-0000666,LIVE-0033,email_sent,2026-08-29T22:21:05
A-0000667,LIVE-0033,discount_requested,2026-08-30T18:40:08
A-0000668,LIVE-0033,demo_done,2026-09-02T15:37:16
A-0000669,LIVE-0034,email_sent,2026-05-14T09:51:05
A-0000670,LIVE-0034,email_sent,2026-05-19T08:54:20
A-0000671,LIVE-0034,email_sent,2026-05-22T09:47:49
A-0000672,LIVE-0034,email_sent,2026-05-23T06:06:42
A-0000673,LIVE-0034,email_replied,2026-05-23T14:20:58
A-0000674,LIVE-0034,meeting_held,2026-05-27T19:39:49
A-0000675,LIVE-0034,email_replied,2026-05-29T04:35:35
A-0000676,LIVE-0034,stakeholder_added,2026-05-30T05:12:14
A-0000677,LIVE-0034,email_sent,2026-06-04T13:23:20
A-0000678,LIVE-0034,email_replied,2026-06-05T12:44:17
A-0000679,LIVE-0034,email_replied,2026-06-12T17:22:47
A-0000680,LIVE-0034,email_sent,2026-06-23T00:39:09
A-0000681,LIVE-0034,no_activity_7d,2026-06-30T00:00:00
A-0000682,LIVE-0034,email_sent,2026-07-04T17:16:42
A-0000683,LIVE-0034,demo_done,2026-07-10T17:36:49
A-0000684,LIVE-0034,email_sent,2026-07-11T18:26:43
A-0000685,LIVE-0034,no_activity_7d,2026-07-21T00:00:00
A-0000686,LIVE-0034,email_replied,2026-07-30T03:27:10
A-0000687,LIVE-0034,meeting_held,2026-08-04T03:29:22
A-0000688,LIVE-0034,stakeholder_added,2026-08-11T13:23:14
A-0000689,LIVE-0034,meeting_held,2026-08-13T16:42:32
A-0000690,LIVE-0034,email_sent,2026-08-21T13:42:13
A-0000691,LIVE-0034,email_sent,2026-08-25T09:20:55
A-0000692,LIVE-0034,meeting_held,2026-08-29T00:34:23
A-0000693,LIVE-0034,email_sent,2026-09-03T15:53:16
A-0000694,LIVE-0034,email_replied,2026-09-04T11:19:22
A-0000695,LIVE-0035,email_sent,2026-07-31T22:57:45
A-0000696,LIVE-0035,email_sent,2026-08-01T00:03:51
A-0000697,LIVE-0035,email_replied,2026-08-01T04:24:50
A-0000698,LIVE-0035,demo_done,2026-08-08T03:58:18
A-0000699,LIVE-0035,meeting_held,2026-08-09T01:06:06
A-0000700,LIVE-0035,no_activity_7d,2026-08-13T00:00:00
A-0000701,LIVE-0035,email_sent,2026-08-13T00:17:43
A-0000702,LIVE-0035,email_sent,2026-08-14T11:24:07
A-0000703,LIVE-0035,email_sent,2026-08-20T06:31:49
A-0000704,LIVE-0035,email_replied,2026-08-20T19:22:39
A-0000705,LIVE-0035,email_sent,2026-08-20T20:02:08
A-0000706,LIVE-0035,email_replied,2026-08-28T16:33:49
A-0000707,LIVE-0035,email_sent,2026-08-29T01:01:05
A-0000708,LIVE-0035,champion_identified,2026-08-30T16:27:14
A-0000709,LIVE-0036,email_replied,2026-06-10T12:55:28
A-0000710,LIVE-0036,no_activity_7d,2026-06-15T00:00:00
A-0000711,LIVE-0036,email_sent,2026-06-25T07:49:32
A-0000712,LIVE-0036,email_sent,2026-06-26T18:59:47
A-0000713,LIVE-0036,no_activity_7d,2026-07-06T00:00:00
A-0000714,LIVE-0036,meeting_held,2026-07-21T13:55:56
A-0000715,LIVE-0036,no_activity_7d,2026-07-27T00:00:00
A-0000716,LIVE-0036,email_sent,2026-07-28T07:01:19
A-0000717,LIVE-0036,email_sent,2026-07-28T15:09:00
A-0000718,LIVE-0036,demo_done,2026-08-04T04:13:39
A-0000719,LIVE-0036,email_sent,2026-08-12T00:47:43
A-0000720,LIVE-0036,demo_done,2026-08-19T04:35:07
A-0000721,LIVE-0036,email_sent,2026-08-19T06:11:57
A-0000722,LIVE-0036,email_sent,2026-08-19T07:18:14
A-0000723,LIVE-0036,meeting_held,2026-08-19T07:32:42
A-0000724,LIVE-0036,email_replied,2026-08-19T10:55:23
A-0000725,LIVE-0036,email_sent,2026-08-24T10:48:22
A-0000726,LIVE-0036,email_sent,2026-08-24T20:24:06
A-0000727,LIVE-0036,email_sent,2026-08-24T21:53:44
A-0000728,LIVE-0036,email_replied,2026-08-25T09:46:28
A-0000729,LIVE-0036,proposal_sent,2026-08-25T16:57:50
A-0000730,LIVE-0036,email_sent,2026-08-31T04:00:19
A-0000731,LIVE-0036,email_replied,2026-09-02T11:34:13
A-0000732,LIVE-0037,email_sent,2026-07-03T02:08:13
A-0000733,LIVE-0037,email_replied,2026-07-09T10:43:02
A-0000734,LIVE-0037,meeting_held,2026-07-11T10:06:46
A-0000735,LIVE-0037,email_sent,2026-07-20T23:54:33
A-0000736,LIVE-0037,demo_done,2026-07-23T23:20:20
A-0000737,LIVE-0037,proposal_sent,2026-07-26T13:36:32
A-0000738,LIVE-0037,discount_requested,2026-08-01T19:05:29
A-0000739,LIVE-0037,email_sent,2026-08-02T18:15:17
A-0000740,LIVE-0037,email_sent,2026-08-03T20:47:33
A-0000741,LIVE-0037,email_sent,2026-08-08T11:50:46
A-0000742,LIVE-0037,meeting_held,2026-08-14T11:07:34
A-0000743,LIVE-0037,demo_done,2026-08-15T03:08:06
A-0000744,LIVE-0037,email_sent,2026-08-16T15:02:08
A-0000745,LIVE-0037,email_sent,2026-08-16T17:06:24
A-0000746,LIVE-0037,email_sent,2026-08-20T08:12:59
A-0000747,LIVE-0037,meeting_held,2026-08-22T16:07:53
A-0000748,LIVE-0037,stakeholder_added,2026-08-24T00:38:52
A-0000749,LIVE-0037,stakeholder_added,2026-08-29T22:28:29
A-0000750,LIVE-0038,email_replied,2026-05-05T14:22:11
A-0000751,LIVE-0038,email_replied,2026-05-13T08:24:47
A-0000752,LIVE-0038,email_sent,2026-05-13T08:56:38
A-0000753,LIVE-0038,meeting_held,2026-05-13T14:57:57
A-0000754,LIVE-0038,email_sent,2026-05-14T12:37:34
A-0000755,LIVE-0038,discount_requested,2026-05-25T01:12:46
A-0000756,LIVE-0038,proposal_sent,2026-05-26T05:49:47
A-0000757,LIVE-0038,email_sent,2026-05-26T13:13:09
A-0000758,LIVE-0038,email_sent,2026-05-31T07:50:50
A-0000759,LIVE-0038,meeting_held,2026-06-02T01:34:35
A-0000760,LIVE-0038,stakeholder_added,2026-06-03T08:15:15
A-0000761,LIVE-0038,email_replied,2026-06-10T17:46:16
A-0000762,LIVE-0038,email_sent,2026-06-16T15:57:34
A-0000763,LIVE-0038,email_sent,2026-06-17T11:58:55
A-0000764,LIVE-0038,no_activity_7d,2026-06-21T00:00:00
A-0000765,LIVE-0038,meeting_held,2026-07-07T15:48:41
A-0000766,LIVE-0038,stakeholder_added,2026-07-09T15:28:42
A-0000767,LIVE-0038,email_sent,2026-07-13T23:20:41
A-0000768,LIVE-0038,meeting_held,2026-07-15T19:29:00
A-0000769,LIVE-0038,no_activity_7d,2026-07-19T00:00:00
A-0000770,LIVE-0038,email_sent,2026-07-23T02:40:38
A-0000771,LIVE-0038,email_replied,2026-07-29T08:31:17
A-0000772,LIVE-0038,champion_identified,2026-08-05T09:57:47
A-0000773,LIVE-0038,email_replied,2026-08-06T20:46:30
A-0000774,LIVE-0038,discount_requested,2026-08-12T01:49:04
A-0000775,LIVE-0038,email_replied,2026-08-17T02:31:57
A-0000776,LIVE-0038,stakeholder_added,2026-08-18T22:47:18
A-0000777,LIVE-0038,email_sent,2026-08-24T00:03:34
A-0000778,LIVE-0038,email_sent,2026-08-25T00:10:21
A-0000779,LIVE-0038,email_replied,2026-08-25T01:19:23
A-0000780,LIVE-0038,meeting_held,2026-08-26T07:07:22
A-0000781,LIVE-0038,demo_done,2026-08-31T11:01:08
A-0000782,LIVE-0038,email_replied,2026-09-01T10:08:02
A-0000783,LIVE-0039,email_sent,2026-06-23T04:34:47
A-0000784,LIVE-0039,email_sent,2026-06-23T14:37:50
A-0000785,LIVE-0039,email_replied,2026-06-25T10:43:45
A-0000786,LIVE-0039,email_sent,2026-06-26T14:11:37
A-0000787,LIVE-0039,email_sent,2026-06-26T18:31:53
A-0000788,LIVE-0039,email_replied,2026-07-01T03:20:19
A-0000789,LIVE-0039,stakeholder_added,2026-07-07T22:23:22
A-0000790,LIVE-0039,champion_identified,2026-07-08T17:30:41
A-0000791,LIVE-0039,email_replied,2026-07-14T08:24:35
A-0000792,LIVE-0039,demo_done,2026-07-17T10:00:15
A-0000793,LIVE-0039,email_replied,2026-07-22T03:01:58
A-0000794,LIVE-0039,meeting_held,2026-07-23T23:52:08
A-0000795,LIVE-0039,email_sent,2026-07-24T05:43:09
A-0000796,LIVE-0039,email_sent,2026-07-28T22:04:40
A-0000797,LIVE-0039,demo_done,2026-07-30T03:22:42
A-0000798,LIVE-0039,no_activity_7d,2026-08-03T00:00:00
A-0000799,LIVE-0039,demo_done,2026-08-11T02:19:07
A-0000800,LIVE-0039,proposal_sent,2026-08-11T03:40:07
A-0000801,LIVE-0039,email_sent,2026-08-13T13:17:05
A-0000802,LIVE-0039,email_sent,2026-08-21T14:11:24
A-0000803,LIVE-0039,no_activity_7d,2026-08-24T00:00:00
A-0000804,LIVE-0039,email_replied,2026-09-01T02:45:21
A-0000805,LIVE-0040,email_replied,2026-06-13T04:59:46
A-0000806,LIVE-0040,no_activity_7d,2026-06-20T00:00:00
A-0000807,LIVE-0040,stakeholder_added,2026-06-29T23:44:33
A-0000808,LIVE-0040,email_replied,2026-07-01T22:20:10
A-0000809,LIVE-0040,email_sent,2026-07-04T13:03:03
A-0000810,LIVE-0040,meeting_held,2026-07-06T00:25:33
A-0000811,LIVE-0040,champion_identified,2026-07-08T18:35:54
A-0000812,LIVE-0040,email_replied,2026-07-13T22:29:07
A-0000813,LIVE-0040,proposal_sent,2026-07-14T16:40:13
A-0000814,LIVE-0040,email_replied,2026-07-19T12:31:19
A-0000815,LIVE-0040,stakeholder_added,2026-07-22T02:05:30
A-0000816,LIVE-0040,email_sent,2026-07-22T05:01:16
A-0000817,LIVE-0040,email_replied,2026-07-25T20:26:12
A-0000818,LIVE-0040,email_sent,2026-07-26T21:56:35
A-0000819,LIVE-0040,email_sent,2026-07-27T20:45:25
A-0000820,LIVE-0040,email_sent,2026-08-02T06:34:36
A-0000821,LIVE-0040,email_sent,2026-08-03T08:05:06
A-0000822,LIVE-0040,email_replied,2026-08-03T21:23:39
A-0000823,LIVE-0040,email_sent,2026-08-10T21:40:44
A-0000824,LIVE-0040,demo_done,2026-08-11T06:30:57
A-0000825,LIVE-0040,email_replied,2026-08-17T09:17:24
A-0000826,LIVE-0040,meeting_held,2026-08-17T09:23:24
A-0000827,LIVE-0040,email_sent,2026-08-18T05:12:25
A-0000828,LIVE-0040,demo_done,2026-08-19T09:56:59
A-0000829,LIVE-0040,email_sent,2026-08-19T12:42:14
A-0000830,LIVE-0040,stakeholder_added,2026-08-19T15:04:41
A-0000831,LIVE-0040,meeting_held,2026-08-25T01:11:06
A-0000832,LIVE-0040,email_replied,2026-08-25T06:51:16
A-0000833,LIVE-0040,email_replied,2026-09-02T14:57:56
A-0000834,LIVE-0041,email_replied,2026-08-28T12:43:01
A-0000835,LIVE-0041,stakeholder_added,2026-08-31T04:16:25
A-0000836,LIVE-0042,email_sent,2026-09-01T08:42:25
A-0000837,LIVE-0042,stakeholder_added,2026-09-02T06:43:29
A-0000838,LIVE-0043,email_sent,2026-06-27T05:21:13
A-0000839,LIVE-0043,email_replied,2026-06-28T14:07:10
A-0000840,LIVE-0043,meeting_held,2026-07-04T23:51:22
A-0000841,LIVE-0043,demo_done,2026-07-05T03:45:18
A-0000842,LIVE-0043,champion_identified,2026-07-05T18:05:01
A-0000843,LIVE-0043,email_replied,2026-07-12T16:52:26
A-0000844,LIVE-0043,demo_done,2026-07-17T18:41:32
A-0000845,LIVE-0043,stakeholder_added,2026-07-19T19:09:01
A-0000846,LIVE-0043,demo_done,2026-07-24T12:45:25
A-0000847,LIVE-0043,email_sent,2026-07-25T19:58:10
A-0000848,LIVE-0043,meeting_held,2026-07-26T15:41:38
A-0000849,LIVE-0043,email_sent,2026-07-26T20:26:10
A-0000850,LIVE-0043,email_replied,2026-07-31T10:01:06
A-0000851,LIVE-0043,meeting_held,2026-07-31T18:56:57
A-0000852,LIVE-0043,email_sent,2026-08-06T11:51:13
A-0000853,LIVE-0043,demo_done,2026-08-09T02:07:05
A-0000854,LIVE-0043,email_replied,2026-08-10T02:18:25
A-0000855,LIVE-0043,email_sent,2026-08-10T04:06:37
A-0000856,LIVE-0043,meeting_held,2026-08-14T01:32:14
A-0000857,LIVE-0043,email_sent,2026-08-14T07:11:39
A-0000858,LIVE-0043,email_sent,2026-08-15T04:46:11
A-0000859,LIVE-0043,meeting_held,2026-08-23T06:25:40
A-0000860,LIVE-0043,email_sent,2026-08-24T08:39:20
A-0000861,LIVE-0043,email_sent,2026-08-28T22:19:49
A-0000862,LIVE-0043,demo_done,2026-08-30T03:32:19
A-0000863,LIVE-0044,no_activity_7d,2026-07-21T00:00:00
A-0000864,LIVE-0044,email_sent,2026-07-25T22:38:13
A-0000865,LIVE-0044,email_sent,2026-07-28T04:12:47
A-0000866,LIVE-0044,email_replied,2026-07-29T12:18:54
A-0000867,LIVE-0044,demo_done,2026-08-07T08:07:58
A-0000868,LIVE-0044,email_replied,2026-08-08T10:57:26
A-0000869,LIVE-0044,no_activity_7d,2026-08-11T00:00:00
A-0000870,LIVE-0044,email_sent,2026-08-11T12:53:39
A-0000871,LIVE-0044,stakeholder_added,2026-08-18T05:21:28
A-0000872,LIVE-0044,no_activity_7d,2026-08-25T00:00:00
A-0000873,LIVE-0044,email_sent,2026-09-03T16:27:33
A-0000874,LIVE-0045,email_replied,2026-08-30T20:43:44
A-0000875,LIVE-0046,email_sent,2026-07-14T17:54:17
A-0000876,LIVE-0046,demo_done,2026-07-15T11:58:53
A-0000877,LIVE-0046,email_sent,2026-07-16T00:12:34
A-0000878,LIVE-0046,stakeholder_added,2026-07-16T05:39:57
A-0000879,LIVE-0046,email_replied,2026-07-16T13:56:09
A-0000880,LIVE-0046,champion_identified,2026-07-19T04:30:26
A-0000881,LIVE-0046,proposal_sent,2026-07-20T03:22:02
A-0000882,LIVE-0046,email_replied,2026-07-20T15:53:25
A-0000883,LIVE-0046,email_sent,2026-07-22T14:47:54
A-0000884,LIVE-0046,demo_done,2026-07-22T16:01:41
A-0000885,LIVE-0046,stakeholder_added,2026-07-23T03:03:40
A-0000886,LIVE-0046,demo_done,2026-07-26T18:58:59
A-0000887,LIVE-0046,email_sent,2026-07-29T08:22:10
A-0000888,LIVE-0046,stakeholder_added,2026-07-29T11:25:58
A-0000889,LIVE-0046,meeting_held,2026-07-29T20:55:54
A-0000890,LIVE-0046,email_sent,2026-08-02T03:10:58
A-0000891,LIVE-0046,email_replied,2026-08-03T00:37:16
A-0000892,LIVE-0046,meeting_held,2026-08-05T12:22:24
A-0000893,LIVE-0046,stakeholder_added,2026-08-05T13:42:19
A-0000894,LIVE-0046,email_sent,2026-08-06T12:02:58
A-0000895,LIVE-0046,stakeholder_added,2026-08-11T02:37:24
A-0000896,LIVE-0046,email_sent,2026-08-18T23:02:22
A-0000897,LIVE-0046,stakeholder_added,2026-08-20T01:29:35
A-0000898,LIVE-0046,email_sent,2026-08-26T01:57:24
A-0000899,LIVE-0046,meeting_held,2026-08-26T15:23:44
A-0000900,LIVE-0046,meeting_held,2026-08-31T18:37:33
A-0000901,LIVE-0046,discount_requested,2026-09-01T17:47:06
A-0000902,LIVE-0046,email_sent,2026-09-03T04:17:30
A-0000903,LIVE-0046,stakeholder_added,2026-09-03T21:31:52
A-0000904,LIVE-0047,stakeholder_added,2026-05-14T01:58:50
A-0000905,LIVE-0047,email_sent,2026-05-14T15:01:24
A-0000906,LIVE-0047,email_sent,2026-05-15T01:47:34
A-0000907,LIVE-0047,email_sent,2026-05-15T08:42:57
A-0000908,LIVE-0047,email_replied,2026-05-17T06:40:26
A-0000909,LIVE-0047,email_sent,2026-05-21T17:55:45
A-0000910,LIVE-0047,meeting_held,2026-05-21T20:00:29
A-0000911,LIVE-0047,email_sent,2026-05-24T10:59:38
A-0000912,LIVE-0047,no_activity_7d,2026-05-28T00:00:00
A-0000913,LIVE-0047,email_sent,2026-05-29T03:48:10
A-0000914,LIVE-0047,meeting_held,2026-06-07T04:56:45
A-0000915,LIVE-0047,email_sent,2026-06-12T00:01:05
A-0000916,LIVE-0047,email_sent,2026-06-15T18:13:13
A-0000917,LIVE-0047,meeting_held,2026-06-15T20:18:48
A-0000918,LIVE-0047,email_sent,2026-06-18T00:46:41
A-0000919,LIVE-0047,meeting_held,2026-07-13T21:40:38
A-0000920,LIVE-0047,email_sent,2026-07-19T04:13:54
A-0000921,LIVE-0047,email_sent,2026-07-19T05:10:26
A-0000922,LIVE-0047,no_activity_7d,2026-07-23T00:00:00
A-0000923,LIVE-0047,email_sent,2026-07-30T09:44:18
A-0000924,LIVE-0047,no_activity_7d,2026-08-06T00:00:00
A-0000925,LIVE-0047,email_sent,2026-08-13T00:37:20
A-0000926,LIVE-0047,meeting_held,2026-08-13T14:12:33
A-0000927,LIVE-0047,meeting_held,2026-08-21T16:57:30
A-0000928,LIVE-0047,email_sent,2026-08-23T13:24:25
A-0000929,LIVE-0047,email_sent,2026-08-27T17:36:06
A-0000930,LIVE-0047,email_replied,2026-08-28T01:41:01
A-0000931,LIVE-0047,email_sent,2026-08-28T14:46:26
A-0000932,LIVE-0047,champion_identified,2026-08-29T12:09:14
A-0000933,LIVE-0048,stakeholder_added,2026-08-08T01:45:40
A-0000934,LIVE-0048,email_replied,2026-08-12T09:08:58
A-0000935,LIVE-0048,demo_done,2026-08-15T23:37:55
A-0000936,LIVE-0048,email_replied,2026-08-18T21:08:30
A-0000937,LIVE-0048,email_replied,2026-08-22T15:14:14
A-0000938,LIVE-0048,email_sent,2026-08-25T04:03:55
A-0000939,LIVE-0048,demo_done,2026-08-29T15:40:26
A-0000940,LIVE-0048,email_sent,2026-08-30T00:42:07
A-0000941,LIVE-0048,email_sent,2026-08-30T10:39:40
A-0000942,LIVE-0048,email_sent,2026-08-31T09:39:36
A-0000943,LIVE-0048,proposal_sent,2026-09-02T16:35:13
A-0000944,LIVE-0049,email_replied,2026-05-20T21:04:12
A-0000945,LIVE-0049,email_sent,2026-05-24T18:35:40
A-0000946,LIVE-0049,email_replied,2026-05-25T08:49:39
A-0000947,LIVE-0049,demo_done,2026-05-28T22:34:37
A-0000948,LIVE-0049,email_replied,2026-05-31T17:35:41
A-0000949,LIVE-0049,champion_identified,2026-06-01T03:26:30
A-0000950,LIVE-0049,email_sent,2026-06-03T15:32:11
A-0000951,LIVE-0049,email_sent,2026-06-04T12:51:55
A-0000952,LIVE-0049,proposal_sent,2026-06-07T18:54:20
A-0000953,LIVE-0049,meeting_held,2026-06-09T17:00:35
A-0000954,LIVE-0049,discount_requested,2026-06-15T19:29:29
A-0000955,LIVE-0049,email_sent,2026-06-16T09:23:52
A-0000956,LIVE-0049,meeting_held,2026-06-24T12:10:04
A-0000957,LIVE-0049,stakeholder_added,2026-06-30T08:09:27
A-0000958,LIVE-0049,email_sent,2026-06-30T13:58:22
A-0000959,LIVE-0049,email_sent,2026-07-06T01:44:03
A-0000960,LIVE-0049,email_sent,2026-07-06T05:25:24
A-0000961,LIVE-0049,email_replied,2026-07-07T10:40:32
A-0000962,LIVE-0049,meeting_held,2026-07-09T19:53:32
A-0000963,LIVE-0049,discount_requested,2026-07-14T03:52:28
A-0000964,LIVE-0049,meeting_held,2026-07-15T05:49:37
A-0000965,LIVE-0049,email_replied,2026-07-15T14:42:58
A-0000966,LIVE-0049,email_sent,2026-07-19T12:38:39
A-0000967,LIVE-0049,email_sent,2026-07-19T19:18:30
A-0000968,LIVE-0049,email_replied,2026-07-22T08:37:24
A-0000969,LIVE-0049,meeting_held,2026-07-22T10:05:54
A-0000970,LIVE-0049,email_sent,2026-07-22T22:22:39
A-0000971,LIVE-0049,email_replied,2026-07-28T05:32:59
A-0000972,LIVE-0049,demo_done,2026-08-06T06:32:26
A-0000973,LIVE-0049,email_replied,2026-08-13T00:24:20
A-0000974,LIVE-0049,email_sent,2026-08-16T12:00:41
A-0000975,LIVE-0049,email_sent,2026-08-17T13:25:09
A-0000976,LIVE-0049,email_sent,2026-08-20T19:32:29
A-0000977,LIVE-0049,discount_requested,2026-08-24T10:51:41
A-0000978,LIVE-0049,no_activity_7d,2026-08-30T00:00:00
A-0000979,LIVE-0049,email_sent,2026-08-30T00:10:15
A-0000980,LIVE-0049,email_sent,2026-09-03T02:12:41
A-0000981,LIVE-0050,no_activity_7d,2026-06-09T00:00:00
A-0000982,LIVE-0050,email_sent,2026-06-13T20:22:09
A-0000983,LIVE-0050,email_sent,2026-06-13T23:22:50
A-0000984,LIVE-0050,no_activity_7d,2026-06-16T00:00:00
A-0000985,LIVE-0050,email_sent,2026-06-19T14:11:53
A-0000986,LIVE-0050,demo_done,2026-06-24T12:12:06
A-0000987,LIVE-0050,email_sent,2026-06-24T16:08:18
A-0000988,LIVE-0050,email_sent,2026-06-26T22:40:29
A-0000989,LIVE-0050,proposal_sent,2026-06-30T09:59:59
A-0000990,LIVE-0050,email_sent,2026-06-30T18:48:20
A-0000991,LIVE-0050,email_replied,2026-07-01T05:36:02
A-0000992,LIVE-0050,email_sent,2026-07-03T05:55:22
A-0000993,LIVE-0050,demo_done,2026-07-07T19:05:08
A-0000994,LIVE-0050,email_sent,2026-07-09T10:04:25
A-0000995,LIVE-0050,champion_identified,2026-07-11T00:25:25
A-0000996,LIVE-0050,demo_done,2026-07-14T10:51:27
A-0000997,LIVE-0050,meeting_held,2026-07-15T22:12:59
A-0000998,LIVE-0050,email_sent,2026-07-18T17:19:21
A-0000999,LIVE-0050,email_sent,2026-07-21T18:57:27
A-0001000,LIVE-0050,email_sent,2026-07-21T23:17:14
A-0001001,LIVE-0050,discount_requested,2026-07-23T11:37:26
A-0001002,LIVE-0050,email_sent,2026-07-30T16:42:00
A-0001003,LIVE-0050,email_sent,2026-07-31T17:59:38
A-0001004,LIVE-0050,email_replied,2026-07-31T23:11:35
A-0001005,LIVE-0050,email_replied,2026-08-06T11:48:12
A-0001006,LIVE-0050,email_sent,2026-08-08T07:25:37
A-0001007,LIVE-0050,email_replied,2026-08-11T15:36:38
A-0001008,LIVE-0050,discount_requested,2026-08-13T10:09:16
A-0001009,LIVE-0050,email_sent,2026-08-14T09:36:33
A-0001010,LIVE-0050,no_activity_7d,2026-08-18T00:00:00
A-0001011,LIVE-0050,email_sent,2026-08-19T06:05:35
A-0001012,LIVE-0050,email_sent,2026-08-21T19:23:05
A-0001013,LIVE-0050,email_replied,2026-08-28T12:39:10
A-0001014,LIVE-0050,stakeholder_added,2026-08-29T13:06:46
A-0001015,LIVE-0050,email_sent,2026-09-02T07:26:34
A-0001016,LIVE-0050,email_replied,2026-09-02T22:20:29
A-0001017,LIVE-0050,demo_done,2026-09-05T16:04:52
A-0001018,LIVE-0051,meeting_held,2026-08-14T03:18:17
A-0001019,LIVE-0051,email_replied,2026-08-15T13:47:26
A-0001020,LIVE-0051,no_activity_7d,2026-08-19T00:00:00
A-0001021,LIVE-0051,proposal_sent,2026-08-27T22:24:01
A-0001022,LIVE-0051,email_replied,2026-08-29T21:17:08
A-0001023,LIVE-0051,email_sent,2026-08-30T20:19:36
A-0001024,LIVE-0051,discount_requested,2026-08-30T23:03:21
A-0001025,LIVE-0052,stakeholder_added,2026-07-23T21:45:23
A-0001026,LIVE-0052,email_sent,2026-07-31T19:55:46
A-0001027,LIVE-0052,email_sent,2026-08-08T14:32:59
A-0001028,LIVE-0052,email_replied,2026-08-09T06:06:43
A-0001029,LIVE-0052,demo_done,2026-08-09T10:48:01
A-0001030,LIVE-0052,email_sent,2026-08-09T18:29:53
A-0001031,LIVE-0052,no_activity_7d,2026-08-12T00:00:00
A-0001032,LIVE-0052,email_sent,2026-08-15T16:00:06
A-0001033,LIVE-0052,no_activity_7d,2026-08-19T00:00:00
A-0001034,LIVE-0052,email_sent,2026-08-28T03:41:45
A-0001035,LIVE-0052,stakeholder_added,2026-08-30T12:49:22
A-0001036,LIVE-0053,email_sent,2026-07-27T09:56:49
A-0001037,LIVE-0053,meeting_held,2026-07-27T18:03:54
A-0001038,LIVE-0053,email_sent,2026-07-29T09:46:47
A-0001039,LIVE-0053,no_activity_7d,2026-08-01T00:00:00
A-0001040,LIVE-0053,meeting_held,2026-08-10T22:49:59
A-0001041,LIVE-0053,email_replied,2026-08-11T23:09:24
A-0001042,LIVE-0053,no_activity_7d,2026-08-15T00:00:00
A-0001043,LIVE-0053,no_activity_7d,2026-08-22T00:00:00
A-0001044,LIVE-0053,no_activity_7d,2026-08-29T00:00:00
A-0001045,LIVE-0054,email_sent,2026-05-27T07:56:05
A-0001046,LIVE-0054,email_sent,2026-05-29T21:53:19
A-0001047,LIVE-0054,email_replied,2026-05-31T04:39:07
A-0001048,LIVE-0054,stakeholder_added,2026-06-03T13:40:52
A-0001049,LIVE-0054,champion_identified,2026-06-07T20:15:03
A-0001050,LIVE-0054,no_activity_7d,2026-06-10T00:00:00
A-0001051,LIVE-0054,email_sent,2026-06-10T10:56:55
A-0001052,LIVE-0054,no_activity_7d,2026-06-17T00:00:00
A-0001053,LIVE-0054,email_sent,2026-06-17T09:14:46
A-0001054,LIVE-0054,email_sent,2026-06-18T02:29:51
A-0001055,LIVE-0054,email_sent,2026-06-18T14:26:05
A-0001056,LIVE-0054,email_sent,2026-06-25T08:29:06
A-0001057,LIVE-0054,email_sent,2026-06-26T14:39:07
A-0001058,LIVE-0054,email_sent,2026-07-01T14:06:22
A-0001059,LIVE-0054,email_sent,2026-07-02T05:06:17
A-0001060,LIVE-0054,email_sent,2026-07-03T07:51:59
A-0001061,LIVE-0054,email_sent,2026-07-04T02:01:55
A-0001062,LIVE-0054,email_sent,2026-07-04T12:26:39
A-0001063,LIVE-0054,proposal_sent,2026-07-05T19:38:18
A-0001064,LIVE-0054,no_activity_7d,2026-07-08T00:00:00
A-0001065,LIVE-0054,email_sent,2026-07-08T23:06:45
A-0001066,LIVE-0054,email_sent,2026-07-11T07:00:55
A-0001067,LIVE-0054,stakeholder_added,2026-07-15T20:07:13
A-0001068,LIVE-0054,meeting_held,2026-07-19T01:51:21
A-0001069,LIVE-0054,discount_requested,2026-07-19T22:18:06
A-0001070,LIVE-0054,email_replied,2026-07-19T22:49:50
A-0001071,LIVE-0054,demo_done,2026-07-22T17:18:52
A-0001072,LIVE-0054,email_sent,2026-07-23T09:45:35
A-0001073,LIVE-0054,email_replied,2026-07-25T09:28:42
A-0001074,LIVE-0054,meeting_held,2026-07-30T04:04:19
A-0001075,LIVE-0054,email_sent,2026-07-30T06:21:08
A-0001076,LIVE-0054,email_sent,2026-07-31T04:20:22
A-0001077,LIVE-0054,stakeholder_added,2026-08-01T11:55:08
A-0001078,LIVE-0054,email_replied,2026-08-02T08:21:52
A-0001079,LIVE-0054,email_sent,2026-08-02T14:16:41
A-0001080,LIVE-0054,no_activity_7d,2026-08-05T00:00:00
A-0001081,LIVE-0054,email_sent,2026-08-05T10:41:10
A-0001082,LIVE-0054,email_sent,2026-08-05T11:15:33
A-0001083,LIVE-0054,email_sent,2026-08-06T10:20:35
A-0001084,LIVE-0054,email_sent,2026-08-07T00:00:18
A-0001085,LIVE-0054,email_sent,2026-08-07T00:00:57
A-0001086,LIVE-0054,email_sent,2026-08-13T15:41:56
A-0001087,LIVE-0054,email_replied,2026-08-15T16:27:30
A-0001088,LIVE-0054,demo_done,2026-08-15T23:42:13
A-0001089,LIVE-0054,email_sent,2026-08-19T18:05:02
A-0001090,LIVE-0054,meeting_held,2026-08-20T15:58:35
A-0001091,LIVE-0054,demo_done,2026-08-23T11:56:43
A-0001092,LIVE-0054,email_replied,2026-08-28T14:38:57
A-0001093,LIVE-0055,email_replied,2026-06-06T11:27:16
A-0001094,LIVE-0055,meeting_held,2026-06-13T21:54:31
A-0001095,LIVE-0055,email_sent,2026-06-16T08:34:06
A-0001096,LIVE-0055,proposal_sent,2026-06-22T07:43:03
A-0001097,LIVE-0055,email_replied,2026-06-24T07:44:28
A-0001098,LIVE-0055,email_replied,2026-06-27T05:16:01
A-0001099,LIVE-0055,stakeholder_added,2026-06-28T20:06:18
A-0001100,LIVE-0055,email_sent,2026-07-01T01:16:56
A-0001101,LIVE-0055,discount_requested,2026-07-01T21:39:50
A-0001102,LIVE-0055,email_replied,2026-07-05T08:28:06
A-0001103,LIVE-0055,meeting_held,2026-07-13T11:50:20
A-0001104,LIVE-0055,email_sent,2026-07-14T17:14:47
A-0001105,LIVE-0055,email_sent,2026-07-20T17:48:31
A-0001106,LIVE-0055,email_sent,2026-07-20T23:22:20
A-0001107,LIVE-0055,email_replied,2026-07-21T04:56:14
A-0001108,LIVE-0055,email_sent,2026-07-21T07:38:59
A-0001109,LIVE-0055,email_sent,2026-07-27T20:31:21
A-0001110,LIVE-0055,email_replied,2026-07-28T17:56:49
A-0001111,LIVE-0055,email_replied,2026-08-04T19:45:25
A-0001112,LIVE-0055,email_sent,2026-08-08T03:44:45
A-0001113,LIVE-0055,email_sent,2026-08-09T10:48:20
A-0001114,LIVE-0055,email_sent,2026-08-11T22:51:31
A-0001115,LIVE-0055,email_replied,2026-08-18T06:45:31
A-0001116,LIVE-0055,email_sent,2026-08-19T07:17:45
A-0001117,LIVE-0055,no_activity_7d,2026-08-22T00:00:00
A-0001118,LIVE-0055,email_sent,2026-08-29T10:16:04
A-0001119,LIVE-0055,email_sent,2026-08-29T12:57:44
A-0001120,LIVE-0055,email_sent,2026-08-30T03:20:44
A-0001121,LIVE-0055,demo_done,2026-08-31T16:14:24
A-0001122,LIVE-0055,discount_requested,2026-09-01T19:57:17
A-0001123,LIVE-0056,email_sent,2026-05-19T16:37:39
A-0001124,LIVE-0056,meeting_held,2026-05-20T09:36:52
A-0001125,LIVE-0056,email_sent,2026-05-25T05:53:29
A-0001126,LIVE-0056,champion_identified,2026-05-25T23:13:03
A-0001127,LIVE-0056,stakeholder_added,2026-05-27T16:54:17
A-0001128,LIVE-0056,demo_done,2026-05-28T09:33:42
A-0001129,LIVE-0056,email_sent,2026-05-29T05:32:09
A-0001130,LIVE-0056,meeting_held,2026-06-01T00:07:45
A-0001131,LIVE-0056,email_sent,2026-06-04T03:40:53
A-0001132,LIVE-0056,demo_done,2026-06-05T03:25:14
A-0001133,LIVE-0056,email_sent,2026-06-08T06:03:16
A-0001134,LIVE-0056,meeting_held,2026-06-11T00:00:50
A-0001135,LIVE-0056,email_replied,2026-06-12T12:20:59
A-0001136,LIVE-0056,meeting_held,2026-06-15T03:41:21
A-0001137,LIVE-0056,email_sent,2026-06-15T04:31:20
A-0001138,LIVE-0056,stakeholder_added,2026-06-18T20:15:47
A-0001139,LIVE-0056,proposal_sent,2026-06-23T08:55:27
A-0001140,LIVE-0056,email_replied,2026-06-23T11:36:06
A-0001141,LIVE-0056,email_sent,2026-06-23T18:52:42
A-0001142,LIVE-0056,email_replied,2026-06-30T07:50:05
A-0001143,LIVE-0056,email_sent,2026-07-01T18:19:19
A-0001144,LIVE-0056,stakeholder_added,2026-07-06T16:43:45
A-0001145,LIVE-0056,email_replied,2026-07-06T20:30:31
A-0001146,LIVE-0056,email_sent,2026-07-15T02:41:41
A-0001147,LIVE-0056,meeting_held,2026-07-15T13:41:43
A-0001148,LIVE-0056,email_replied,2026-07-16T12:49:47
A-0001149,LIVE-0056,stakeholder_added,2026-07-17T17:39:06
A-0001150,LIVE-0056,meeting_held,2026-07-22T02:39:42
A-0001151,LIVE-0056,email_sent,2026-07-23T20:54:48
A-0001152,LIVE-0056,stakeholder_added,2026-07-24T02:53:32
A-0001153,LIVE-0056,email_sent,2026-07-24T07:28:38
A-0001154,LIVE-0056,email_sent,2026-07-30T23:09:58
A-0001155,LIVE-0056,meeting_held,2026-07-31T09:16:19
A-0001156,LIVE-0056,email_replied,2026-08-06T15:43:59
A-0001157,LIVE-0056,email_sent,2026-08-07T03:58:17
A-0001158,LIVE-0056,email_sent,2026-08-10T18:18:13
A-0001159,LIVE-0056,discount_requested,2026-08-13T05:03:30
A-0001160,LIVE-0056,email_sent,2026-08-19T06:20:47
A-0001161,LIVE-0056,discount_requested,2026-08-19T23:24:35
A-0001162,LIVE-0056,meeting_held,2026-08-20T16:20:51
A-0001163,LIVE-0056,no_activity_7d,2026-08-24T00:00:00
A-0001164,LIVE-0056,email_sent,2026-08-27T14:32:03
A-0001165,LIVE-0056,email_sent,2026-08-28T01:22:44
A-0001166,LIVE-0056,meeting_held,2026-08-31T07:13:58
A-0001167,LIVE-0056,demo_done,2026-08-31T09:36:47
A-0001168,LIVE-0056,stakeholder_added,2026-08-31T18:55:35
A-0001169,LIVE-0057,email_replied,2026-06-28T19:57:33
A-0001170,LIVE-0057,meeting_held,2026-06-29T12:53:43
A-0001171,LIVE-0057,email_sent,2026-06-30T15:26:30
A-0001172,LIVE-0057,stakeholder_added,2026-07-05T11:51:02
A-0001173,LIVE-0057,champion_identified,2026-07-05T12:51:29
A-0001174,LIVE-0057,email_replied,2026-07-05T19:46:23
A-0001175,LIVE-0057,email_replied,2026-07-15T13:55:16
A-0001176,LIVE-0057,proposal_sent,2026-07-19T13:26:10
A-0001177,LIVE-0057,email_sent,2026-07-21T05:08:43
A-0001178,LIVE-0057,discount_requested,2026-07-25T14:54:12
A-0001179,LIVE-0057,meeting_held,2026-07-28T19:26:44
A-0001180,LIVE-0057,email_sent,2026-07-28T21:51:28
A-0001181,LIVE-0057,email_replied,2026-08-03T22:56:33
A-0001182,LIVE-0057,no_activity_7d,2026-08-08T00:00:00
A-0001183,LIVE-0057,email_sent,2026-08-12T10:26:26
A-0001184,LIVE-0057,no_activity_7d,2026-08-15T00:00:00
A-0001185,LIVE-0057,meeting_held,2026-08-24T15:39:25
A-0001186,LIVE-0057,email_sent,2026-08-30T12:22:18
A-0001187,LIVE-0057,email_replied,2026-08-31T06:53:33
A-0001188,LIVE-0058,email_replied,2026-06-12T20:32:12
A-0001189,LIVE-0058,meeting_held,2026-06-15T22:10:09
A-0001190,LIVE-0058,no_activity_7d,2026-06-18T00:00:00
A-0001191,LIVE-0058,proposal_sent,2026-06-27T01:13:34
A-0001192,LIVE-0058,email_replied,2026-06-29T17:35:38
A-0001193,LIVE-0058,discount_requested,2026-07-09T01:40:32
A-0001194,LIVE-0058,email_replied,2026-07-10T15:02:35
A-0001195,LIVE-0058,email_replied,2026-07-18T23:00:41
A-0001196,LIVE-0058,meeting_held,2026-07-19T20:45:09
A-0001197,LIVE-0058,email_replied,2026-07-23T19:53:36
A-0001198,LIVE-0058,email_sent,2026-07-24T02:17:34
A-0001199,LIVE-0058,meeting_held,2026-07-24T05:41:11
A-0001200,LIVE-0058,email_sent,2026-07-27T03:25:29
A-0001201,LIVE-0058,champion_identified,2026-07-27T15:12:16
A-0001202,LIVE-0058,email_replied,2026-08-09T15:35:48
A-0001203,LIVE-0058,email_sent,2026-08-14T10:24:59
A-0001204,LIVE-0058,discount_requested,2026-08-16T04:38:46
A-0001205,LIVE-0058,stakeholder_added,2026-08-21T14:52:59
A-0001206,LIVE-0058,no_activity_7d,2026-08-27T00:00:00
A-0001207,LIVE-0059,email_sent,2026-07-31T07:29:14
A-0001208,LIVE-0059,email_sent,2026-08-01T18:13:16
A-0001209,LIVE-0059,email_sent,2026-08-02T14:59:59
A-0001210,LIVE-0059,meeting_held,2026-08-07T01:25:29
A-0001211,LIVE-0059,email_replied,2026-08-11T04:21:05
A-0001212,LIVE-0059,no_activity_7d,2026-08-14T00:00:00
A-0001213,LIVE-0059,email_sent,2026-08-14T04:35:55
A-0001214,LIVE-0059,email_replied,2026-08-25T01:00:47
A-0001215,LIVE-0059,proposal_sent,2026-08-29T19:14:50
A-0001216,LIVE-0059,email_replied,2026-09-01T18:22:03
A-0001217,LIVE-0060,email_sent,2026-06-04T04:55:45
A-0001218,LIVE-0060,email_replied,2026-06-04T21:45:07
A-0001219,LIVE-0060,meeting_held,2026-06-05T20:10:48
A-0001220,LIVE-0060,email_sent,2026-06-10T03:52:30
A-0001221,LIVE-0060,email_sent,2026-06-11T07:50:59
A-0001222,LIVE-0060,email_replied,2026-06-16T03:12:33
A-0001223,LIVE-0060,meeting_held,2026-06-16T22:39:29
A-0001224,LIVE-0060,email_replied,2026-06-23T09:08:46
A-0001225,LIVE-0060,email_sent,2026-06-23T14:45:37
A-0001226,LIVE-0060,demo_done,2026-06-26T03:03:59
A-0001227,LIVE-0060,email_replied,2026-06-30T02:33:34
A-0001228,LIVE-0060,champion_identified,2026-07-01T18:43:08
A-0001229,LIVE-0060,email_sent,2026-07-02T01:06:19
A-0001230,LIVE-0060,email_sent,2026-07-04T02:51:35
A-0001231,LIVE-0060,no_activity_7d,2026-07-07T00:00:00
A-0001232,LIVE-0060,stakeholder_added,2026-07-15T10:51:41
A-0001233,LIVE-0060,email_replied,2026-07-17T08:52:15
A-0001234,LIVE-0060,email_replied,2026-07-23T10:39:51
A-0001235,LIVE-0060,email_replied,2026-07-31T11:16:27
A-0001236,LIVE-0060,demo_done,2026-08-05T23:33:12
A-0001237,LIVE-0060,email_sent,2026-08-08T01:29:03
A-0001238,LIVE-0060,email_replied,2026-08-08T17:44:57
A-0001239,LIVE-0060,no_activity_7d,2026-08-11T00:00:00
A-0001240,LIVE-0060,discount_requested,2026-08-19T07:56:45
A-0001241,LIVE-0060,proposal_sent,2026-08-20T03:49:13
A-0001242,LIVE-0060,stakeholder_added,2026-08-28T01:06:15
A-0001243,LIVE-0060,email_sent,2026-09-01T04:30:34
