id,company,industry,region,deal_size,source,owner_rep,created_at,expected_close,stage,closed_at,won,cycle_days
LIVE-0001,Richardson-Lawrence,Technology,EMEA,9851.54,Inbound,Ryan Munoz,2026-07-10T00:00:00,2026-09-08T00:00:00,Proposal,,,
LIVE-0002,Nunez-Rodriguez,Financial Services,LATAM,105376.68,Event,Connie Lawrence,2026-08-11T00:00:00,2026-11-11T00:00:00,Qualification,,,
LIVE-0003,Zavala-Coleman,Public Sector,North America,124617.3,Partner,Allison Hill,2026-05-06T00:00:00,2026-09-02T00:00:00,Negotiation,,,
LIVE-0004,"Perez, Rodriguez and Rollins",Public Sector,APAC,129856.62,Outbound,Gabrielle Davis,2026-06-09T00:00:00,2026-09-21T00:00:00,Proposal,,,
LIVE-0005,Owens PLC,Public Sector,North America,70584.33,Outbound,Daniel Wagner,2026-08-17T00:00:00,2026-11-04T00:00:00,Qualification,,,
LIVE-0006,Simpson LLC,Public Sector,North America,95019.59,Outbound,Jamie Arnold,2026-08-12T00:00:00,2026-11-07T00:00:00,Qualification,,,
LIVE-0007,"Roberts, Bowen and Miller",Healthcare,APAC,49381.65,Inbound,Abigail Shaffer,2026-06-08T00:00:00,2026-08-14T00:00:00,Proposal,,,
LIVE-0008,Wilson-Campbell,Financial Services,North America,53194.95,Event,Allison Hill,2026-05-21T00:00:00,2026-08-19T00:00:00,Negotiation,,,
LIVE-0009,"Fitzgerald, Mcdaniel and Randall",Manufacturing,EMEA,31627.27,Outbound,Ryan Munoz,2026-08-23T00:00:00,2026-10-30T00:00:00,Prospecting,,,
LIVE-0010,Spencer LLC,Financial Services,EMEA,38835.31,Event,Allison Hill,2026-05-15T00:00:00,2026-08-26T00:00:00,Negotiation,,,
LIVE-0011,Lopez-Jones,Technology,North America,58740.01,Inbound,Connie Lawrence,2026-07-17T00:00:00,2026-10-03T00:00:00,Discovery,,,
LIVE-0012,Crosby-Richardson,Public Sector,EMEA,56501.2,Event,Cristian Santos,2026-06-19T00:00:00,2026-09-09T00:00:00,Proposal,,,
LIVE-0013,Lutz Group,Financial Services,APAC,23961.63,Inbound,Connie Lawrence,2026-07-24T00:00:00,2026-10-18T00:00:00,Qualification,,,
LIVE-0014,"Garcia, Kim and Barrett",Retail,EMEA,16964.13,Outbound,Jamie Arnold,2026-08-23T00:00:00,2026-11-04T00:00:00,Prospecting,,,
LIVE-0015,Neal-Madden,Public Sector,EMEA,42667.93,Partner,Gabrielle Davis,2026-06-15T00:00:00,2026-09-16T00:00:00,Proposal,,,
LIVE-0016,"Schaefer, Levine and Brown",Healthcare,EMEA,26963.36,Inbound,Noah Rhodes,2026-05-11T00:00:00,2026-08-24T00:00:00,Proposal,,,
LIVE-0017,Morgan PLC,Technology,EMEA,237777.47,Outbound,Connie Lawrence,2026-06-26T00:00:00,2026-10-11T00:00:00,Discovery,,,
LIVE-0018,Martinez-Massey,Public Sector,North America,84913.95,Outbound,Allison Hill,2026-05-11T00:00:00,2026-07-27T00:00:00,Negotiation,,,
LIVE-0019,"Porter, Hubbard and Miranda",Retail,North America,29072.56,Outbound,Ryan Munoz,2026-06-29T00:00:00,2026-09-21T00:00:00,Discovery,,,
LIVE-0020,"Nelson, Clarke and Schneider",Technology,North America,28384.94,Event,Connie Lawrence,2026-06-20T00:00:00,2026-09-05T00:00:00,Proposal,,,
LIVE-0021,Kelly-Estrada,Technology,North America,138533.59,Outbound,Ryan Munoz,2026-06-26T00:00:00,2026-09-21T00:00:00,Proposal,,,
LIVE-0022,Archer-Dixon,Retail,APAC,7535.8,Outbound,Angie Henderson,2026-05-06T00:00:00,2026-07-20T00:00:00,Negotiation,,,
LIVE-0023,Tate Inc,Healthcare,EMEA,29615.39,Event,Connie Lawrence,2026-05-02T00:00:00,2026-07-30T00:00:00,Negotiation,,,
LIVE-0024,Fuller and Sons,Healthcare,EMEA,71308.46,Outbound,Connie Lawrence,2026-08-13T00:00:00,2026-11-08T00:00:00,Qualification,,,
LIVE-0025,Garcia Inc,Public Sector,APAC,67097.74,Inbound,Gina Moore,2026-05-14T00:00:00,2026-08-05T00:00:00,Proposal,,,
LIVE-0026,Jimenez Inc,Financial Services,North America,83558.16,Outbound,Cristian Santos,2026-07-26T00:00:00,2026-10-20T00:00:00,Discovery,,,
LIVE-0027,Reyes Ltd,Healthcare,LATAM,133150.5,Inbound,Daniel Wagner,2026-06-24T00:00:00,2026-10-10T00:00:00,Discovery,,,
LIVE-0028,Hernandez-Howell,Public Sector,North America,56126.59,Partner,Ryan Munoz,2026-06-26T00:00:00,2026-09-22T00:00:00,Discovery,,,
LIVE-0029,Wolf Ltd,Technology,North America,20754.23,Inbound,Noah Rhodes,2026-04-28T00:00:00,2026-08-27T00:00:00,Negotiation,,,
LIVE-0030,"Saunders, Sparks and Harris",Technology,EMEA,112436.37,Inbound,Angie Henderson,2026-07-01T00:00:00,2026-09-16T00:00:00,Proposal,,,
LIVE-0031,"Jimenez, Wagner and Daniels",Technology,North America,72900.42,Outbound,Angie Henderson,2026-05-31T00:00:00,2026-08-18T00:00:00,Negotiation,,,
LIVE-0032,"Payne, Cisneros and Johnson",Healthcare,APAC,61020.02,Outbound,Daniel Wagner,2026-06-07T00:00:00,2026-09-05T00:00:00,Proposal,,,
LIVE-0033,Beard-Wilson,Manufacturing,APAC,161378.77,Outbound,Angie Henderson,2026-07-25T00:00:00,2026-11-11T00:00:00,Qualification,,,
LIVE-0034,Edwards-Bennett,Manufacturing,North America,15677.19,Event,Gina Moore,2026-04-28T00:00:00,2026-07-18T00:00:00,Proposal,,,
LIVE-0035,Johnson-Thompson,Manufacturing,North America,25049.57,Inbound,Daniel Wagner,2026-07-23T00:00:00,2026-09-27T00:00:00,Discovery,,,
LIVE-0036,"Dalton, Turner and Mccarthy",Healthcare,LATAM,45595.93,Outbound,Jamie Arnold,2026-06-01T00:00:00,2026-08-30T00:00:00,Proposal,,,
LIVE-0037,Jordan-Edwards,Manufacturing,APAC,40054.44,Inbound,Daniel Wagner,2026-06-25T00:00:00,2026-09-17T00:00:00,Proposal,,,
LIVE-0038,Freeman-Rodriguez,Manufacturing,LATAM,89118.26,Outbound,Gabrielle Davis,2026-04-26T00:00:00,2026-08-10T00:00:00,Negotiation,,,
LIVE-0039,"Henry, Spencer and Ryan",Retail,EMEA,47577.17,Event,Abigail Shaffer,2026-06-08T00:00:00,2026-09-01T00:00:00,Proposal,,,
LIVE-0040,Alvarez-Dickerson,Financial Services,LATAM,48143.88,Event,Monica Herrera,2026-06-06T00:00:00,2026-09-05T00:00:00,Negotiation,,,
LIVE-0041,"Brown, Baker and Garza",Retail,EMEA,71274.88,Inbound,Allison Hill,2026-08-21T00:00:00,2026-10-24T00:00:00,Qualification,,,
LIVE-0042,Jensen-Gomez,Financial Services,North America,106651.46,Outbound,Cristian Santos,2026-08-22T00:00:00,2026-12-07T00:00:00,Prospecting,,,
LIVE-0043,Flores-Johnson,Technology,North America,88349.16,Outbound,Noah Rhodes,2026-06-18T00:00:00,2026-09-11T00:00:00,Proposal,,,
LIVE-0044,Pacheco-Silva,Technology,North America,36828.25,Outbound,Cristian Santos,2026-07-14T00:00:00,2026-10-16T00:00:00,Discovery,,,
LIVE-0045,"Peterson, Davis and Reed",Technology,EMEA,11050.24,Partner,Noah Rhodes,2026-08-21T00:00:00,2026-10-08T00:00:00,Qualification,,,
LIVE-0046,Jenkins-Brown,Public Sector,APAC,47103.05,Partner,Jamie Arnold,2026-06-28T00:00:00,2026-11-07T00:00:00,Discovery,,,
LIVE-0047,Watkins-Lozano,Technology,EMEA,22625.82,Outbound,Monica Herrera,2026-05-07T00:00:00,2026-07-22T00:00:00,Proposal,,,
LIVE-0048,Melton Inc,Retail,APAC,12018.89,Inbound,Angie Henderson,2026-08-01T00:00:00,2026-10-26T00:00:00,Qualification,,,
LIVE-0049,Jackson-Ryan,Retail,North America,12799.34,Partner,Jamie Arnold,2026-05-10T00:00:00,2026-07-12T00:00:00,Proposal,,,
LIVE-0050,Murray Group,Technology,North America,152143.37,Outbound,Gabrielle Davis,2026-06-02T00:00:00,2026-09-15T00:00:00,Proposal,,,
LIVE-0051,"Robertson, Fisher and Smith",Healthcare,LATAM,19049.86,Inbound,Cristian Santos,2026-08-05T00:00:00,2026-10-10T00:00:00,Qualification,,,
LIVE-0052,Chapman-Odom,Financial Services,EMEA,84464.28,Inbound,Gina Moore,2026-07-15T00:00:00,2026-10-28T00:00:00,Qualification,,,
LIVE-0053,Hudson-Morris,Manufacturing,APAC,40762.12,Outbound,Jamie Arnold,2026-07-18T00:00:00,2026-10-22T00:00:00,Discovery,,,
LIVE-0054,Stokes Inc,Healthcare,LATAM,76306.84,Event,Gina Moore,2026-05-20T00:00:00,2026-09-01T00:00:00,Negotiation,,,
LIVE-0055,"Leonard, Rogers and Shaw",Technology,North America,208542.83,Inbound,Ryan Munoz,2026-05-30T00:00:00,2026-09-12T00:00:00,Proposal,,,
LIVE-0056,"Morgan, Mendez and Cox",Retail,EMEA,48799.27,Inbound,Jamie Arnold,2026-05-11T00:00:00,2026-08-24T00:00:00,Negotiation,,,
LIVE-0057,Harris-Reid,Public Sector,APAC,87747.28,Outbound,Allison Hill,2026-06-20T00:00:00,2026-10-02T00:00:00,Proposal,,,
LIVE-0058,Pittman PLC,Healthcare,EMEA,23073.26,Outbound,Abigail Shaffer,2026-06-04T00:00:00,2026-09-04T00:00:00,Negotiation,,,
LIVE-0059,Mitchell Inc,Financial Services,EMEA,83678.92,Outbound,Cristian Santos,2026-07-24T00:00:00,2026-10-19T00:00:00,Qualification,,,
LIVE-0060,Davies-Morales,Retail,APAC,12569.53,Partner,Allison Hill,2026-05-26T00:00:00,2026-09-02T00:00:00,Proposal,,,
