deal_id,account,product,sales_agent,agent_win_rate,deal_stage,account_segment,product_complexity,days_in_stage,deal_value_k,exec_sponsor,competition,win_probability,risk_level,sales_cycle_days,outcome
#7243,Nexus Corp,Enterprise Suite,Sarah Chen,high,Proposal,Enterprise,Moderate,18,120,"Identified, not engaged",1 competitor,58,medium,35,Won
#7891,Apex Systems,Analytics Pro,Mike Torres,high,Negotiation,Mid-Market,Moderate,6,85,Yes — engaged,No competition,78,low,28,Won
#8102,BlueRidge Inc,Starter Pack,Priya Nair,low,Qualification,SMB,Simple/Standard,21,22,No sponsor yet,2+ competitors,34,high,52,Lost
#8244,Summit Health,Enterprise Suite,Sarah Chen,high,Negotiation,Enterprise,Complex/Custom,9,200,Yes — engaged,1 competitor,71,low,31,Won
#8301,Orbit Media,Analytics Pro,James Wu,med,Proposal,Mid-Market,Moderate,14,55,"Identified, not engaged",1 competitor,45,medium,42,Lost
#8410,Cascade Ltd,Starter Pack,Priya Nair,low,Prospecting,SMB,Simple/Standard,31,15,No sponsor yet,2+ competitors,22,high,61,Lost
#8523,Vertex AI Co,Enterprise Suite,Mike Torres,high,Negotiation,Enterprise,Complex/Custom,4,310,Yes — engaged,No competition,82,low,24,Won
#8601,Meridian Corp,Analytics Pro,James Wu,med,Qualification,Mid-Market,Moderate,11,40,"Identified, not engaged",1 competitor,61,medium,38,Won
#9001,Quantum Labs,Enterprise Suite,Mike Torres,high,Proposal,Enterprise,Complex/Custom,9,387,Yes — engaged,No competition,70,low,38,Lost
#9002,SkyBridge Inc,Enterprise Suite,Anita Rao,low,Prospecting,Enterprise,Complex/Custom,15,268,Yes — engaged,No competition,17,high,54,Won
#9003,Orbit Media,Enterprise Suite,Anita Rao,low,Negotiation,Enterprise,Complex/Custom,1,398,No sponsor yet,1 competitor,41,medium,40,Lost
#9004,Apex Systems,Analytics Pro,James Wu,med,Prospecting,Mid-Market,Moderate,7,101,Yes — engaged,1 competitor,39,high,46,Lost
#9005,BlueRidge Inc,Starter Pack,Carlos Webb,med,Prospecting,SMB,Simple/Standard,36,23,"Identified, not engaged",No competition,28,high,61,Won
#9006,Redwood Systems,Starter Pack,Sarah Chen,high,Qualification,SMB,Simple/Standard,15,11,"Identified, not engaged",No competition,54,medium,39,Won
#9007,Cascade Ltd,Analytics Pro,Priya Nair,low,Proposal,Mid-Market,Moderate,18,28,Yes — engaged,2+ competitors,33,high,51,Lost
#9008,Apex Systems,Analytics Pro,Carlos Webb,med,Proposal,Mid-Market,Moderate,36,66,No sponsor yet,2+ competitors,29,high,51,Won
#9009,BrightEdge Co,Analytics Pro,Ryan Osei,high,Proposal,Mid-Market,Moderate,37,90,Yes — engaged,No competition,63,medium,52,Won
#9010,Quantum Labs,Analytics Pro,Priya Nair,low,Qualification,Mid-Market,Moderate,36,147,Yes — engaged,2+ competitors,18,high,64,Lost
#9011,Cascade Ltd,Analytics Pro,Anita Rao,low,Qualification,Mid-Market,Moderate,32,33,Yes — engaged,2+ competitors,11,high,56,Won
#9012,Nexus Corp,Starter Pack,Anita Rao,low,Prospecting,SMB,Simple/Standard,39,34,"Identified, not engaged",1 competitor,15,high,61,Lost
#9013,Pinnacle Tech,Starter Pack,Mike Torres,high,Proposal,SMB,Simple/Standard,8,23,No sponsor yet,1 competitor,59,medium,33,Won
#9014,Cascade Ltd,Starter Pack,Priya Nair,low,Prospecting,SMB,Simple/Standard,41,37,No sponsor yet,1 competitor,5,high,62,Lost
#9015,Quantum Labs,Starter Pack,Sarah Chen,high,Proposal,SMB,Simple/Standard,8,28,"Identified, not engaged",No competition,69,low,31,Won
#9016,Ironclad Corp,Enterprise Suite,Mike Torres,high,Negotiation,Enterprise,Moderate,9,75,Yes — engaged,2+ competitors,88,low,31,Won
#9017,BrightEdge Co,Enterprise Suite,Anita Rao,low,Qualification,Enterprise,Complex/Custom,26,353,No sponsor yet,1 competitor,11,high,60,Lost
#9018,BlueRidge Inc,Enterprise Suite,Mike Torres,high,Qualification,Enterprise,Complex/Custom,2,311,Yes — engaged,1 competitor,58,medium,38,Won
#9019,Vertex AI Co,Enterprise Suite,Sarah Chen,high,Prospecting,Enterprise,Complex/Custom,5,273,Yes — engaged,1 competitor,48,medium,37,Lost
#9020,Redwood Systems,Starter Pack,Priya Nair,low,Negotiation,SMB,Simple/Standard,27,17,Yes — engaged,1 competitor,43,medium,44,Lost
#9021,Summit Health,Analytics Pro,Anita Rao,low,Negotiation,Mid-Market,Moderate,44,35,No sponsor yet,No competition,30,high,60,Lost
#9022,BlueRidge Inc,Enterprise Suite,James Wu,med,Qualification,Enterprise,Complex/Custom,9,226,No sponsor yet,1 competitor,27,high,45,Lost
#9023,DeltaForce Tech,Starter Pack,Carlos Webb,med,Prospecting,SMB,Simple/Standard,35,5,Yes — engaged,2+ competitors,15,high,58,Won
#9024,Horizon Group,Enterprise Suite,Carlos Webb,med,Negotiation,Enterprise,Moderate,25,11,Yes — engaged,No competition,77,low,36,Lost
#9025,Vanguard LLC,Starter Pack,Anita Rao,low,Negotiation,SMB,Simple/Standard,19,18,Yes — engaged,No competition,52,medium,47,Won
#9026,BlueRidge Inc,Enterprise Suite,Sarah Chen,high,Negotiation,Enterprise,Moderate,11,39,No sponsor yet,2+ competitors,73,low,29,Won
#9027,Quantum Labs,Analytics Pro,James Wu,med,Prospecting,Mid-Market,Moderate,38,20,No sponsor yet,No competition,10,high,64,Lost
#9028,Horizon Group,Analytics Pro,Ryan Osei,high,Qualification,Mid-Market,Moderate,21,71,No sponsor yet,2+ competitors,24,high,53,Won
#9029,Pinnacle Tech,Analytics Pro,Carlos Webb,med,Prospecting,Mid-Market,Moderate,40,35,Yes — engaged,1 competitor,20,high,64,Won
#9030,Mosaic Ventures,Analytics Pro,Priya Nair,low,Prospecting,Mid-Market,Moderate,19,50,Yes — engaged,1 competitor,25,high,54,Lost
#9031,Horizon Group,Starter Pack,Sarah Chen,high,Proposal,SMB,Simple/Standard,9,21,No sponsor yet,No competition,55,medium,34,Won
#9032,Apex Systems,Starter Pack,James Wu,med,Proposal,SMB,Simple/Standard,41,21,Yes — engaged,2+ competitors,52,medium,53,Won
#9033,BrightEdge Co,Starter Pack,Mike Torres,high,Negotiation,SMB,Simple/Standard,1,26,"Identified, not engaged",No competition,77,low,33,Won
#9034,Orbit Media,Starter Pack,Anita Rao,low,Prospecting,SMB,Simple/Standard,45,14,Yes — engaged,No competition,14,high,64,Lost
#9035,Summit Health,Enterprise Suite,Anita Rao,low,Prospecting,Enterprise,Complex/Custom,3,193,"Identified, not engaged",1 competitor,17,high,52,Won
#9036,Vanguard LLC,Starter Pack,Ryan Osei,high,Negotiation,SMB,Simple/Standard,10,20,No sponsor yet,2+ competitors,55,medium,35,Won
#9037,Meridian Corp,Starter Pack,Anita Rao,low,Qualification,SMB,Simple/Standard,45,11,"Identified, not engaged",No competition,27,high,56,Lost
#9038,BlueRidge Inc,Analytics Pro,James Wu,med,Proposal,Mid-Market,Moderate,15,16,"Identified, not engaged",No competition,50,medium,43,Lost
#9039,Pinnacle Tech,Analytics Pro,Lisa Park,med,Negotiation,Mid-Market,Moderate,22,17,No sponsor yet,2+ competitors,32,high,49,Won
#9040,Quantum Labs,Enterprise Suite,Sarah Chen,high,Negotiation,Enterprise,Complex/Custom,21,233,"Identified, not engaged",2+ competitors,63,medium,36,Won
#9041,Vanguard LLC,Analytics Pro,James Wu,med,Prospecting,Mid-Market,Moderate,1,143,No sponsor yet,1 competitor,21,high,45,Lost
#9042,Horizon Group,Starter Pack,Ryan Osei,high,Prospecting,SMB,Simple/Standard,33,24,No sponsor yet,1 competitor,26,high,56,Lost
#9043,ClearPath Inc,Enterprise Suite,Priya Nair,low,Negotiation,Enterprise,Complex/Custom,44,393,No sponsor yet,1 competitor,28,high,64,Lost
#9044,Vertex AI Co,Analytics Pro,Sarah Chen,high,Proposal,Mid-Market,Moderate,38,92,Yes — engaged,1 competitor,65,low,48,Won
#9045,Meridian Corp,Starter Pack,Carlos Webb,med,Qualification,SMB,Simple/Standard,19,37,No sponsor yet,No competition,34,high,44,Lost
#9046,TerraLogic,Enterprise Suite,Lisa Park,med,Qualification,Enterprise,Moderate,3,135,Yes — engaged,No competition,70,low,35,Won
#9047,Meridian Corp,Starter Pack,James Wu,med,Negotiation,SMB,Simple/Standard,16,14,"Identified, not engaged",1 competitor,49,medium,38,Lost
#9048,SkyBridge Inc,Starter Pack,Priya Nair,low,Negotiation,SMB,Simple/Standard,16,12,Yes — engaged,2+ competitors,53,medium,38,Lost
#9049,Pinnacle Tech,Analytics Pro,Ryan Osei,high,Negotiation,Mid-Market,Moderate,11,131,No sponsor yet,1 competitor,69,low,33,Lost
#9050,SkyBridge Inc,Starter Pack,Carlos Webb,med,Qualification,SMB,Simple/Standard,5,23,"Identified, not engaged",1 competitor,41,medium,39,Lost
#9051,Vanguard LLC,Enterprise Suite,Mike Torres,high,Qualification,Enterprise,Moderate,45,88,Yes — engaged,1 competitor,52,medium,49,Won
#9052,Redwood Systems,Analytics Pro,Carlos Webb,med,Prospecting,Mid-Market,Moderate,25,15,Yes — engaged,1 competitor,30,high,54,Won
#9053,DeltaForce Tech,Analytics Pro,Lisa Park,med,Negotiation,Mid-Market,Moderate,35,66,No sponsor yet,2+ competitors,44,medium,49,Lost
#9054,SkyBridge Inc,Analytics Pro,Sarah Chen,high,Proposal,Mid-Market,Moderate,26,52,No sponsor yet,2+ competitors,43,medium,45,Lost
#9055,ClearPath Inc,Analytics Pro,Sarah Chen,high,Prospecting,Mid-Market,Moderate,28,44,Yes — engaged,2+ competitors,36,high,48,Won
#9056,SkyBridge Inc,Enterprise Suite,Ryan Osei,high,Negotiation,Enterprise,Complex/Custom,25,152,"Identified, not engaged",1 competitor,66,low,40,Lost
#9057,Nexus Corp,Analytics Pro,Sarah Chen,high,Qualification,Mid-Market,Moderate,42,20,No sponsor yet,No competition,28,high,57,Won
#9058,Redwood Systems,Enterprise Suite,Priya Nair,low,Qualification,Enterprise,Complex/Custom,8,298,"Identified, not engaged",2+ competitors,18,high,50,Lost
#9059,ClearPath Inc,Starter Pack,Priya Nair,low,Prospecting,SMB,Simple/Standard,7,6,Yes — engaged,1 competitor,26,high,50,Lost
#9060,Mosaic Ventures,Starter Pack,Anita Rao,low,Qualification,SMB,Simple/Standard,45,20,Yes — engaged,2+ competitors,14,high,63,Lost
#9061,Nexus Corp,Starter Pack,Mike Torres,high,Prospecting,SMB,Simple/Standard,28,28,"Identified, not engaged",2+ competitors,17,high,60,Lost
#9062,Ironclad Corp,Analytics Pro,Anita Rao,low,Prospecting,Mid-Market,Moderate,41,127,"Identified, not engaged",1 competitor,5,high,66,Won
#9063,BrightEdge Co,Starter Pack,Lisa Park,med,Negotiation,SMB,Simple/Standard,38,22,"Identified, not engaged",1 competitor,54,medium,48,Won
#9064,Pinnacle Tech,Analytics Pro,James Wu,med,Negotiation,Mid-Market,Moderate,32,93,"Identified, not engaged",No competition,54,medium,49,Won
#9065,DeltaForce Tech,Analytics Pro,Ryan Osei,high,Proposal,Mid-Market,Moderate,34,58,No sponsor yet,No competition,43,medium,49,Lost
#9066,ClearPath Inc,Starter Pack,James Wu,med,Negotiation,SMB,Simple/Standard,32,33,No sponsor yet,2+ competitors,30,high,50,Lost
#9067,BrightEdge Co,Analytics Pro,James Wu,med,Proposal,Mid-Market,Moderate,34,98,"Identified, not engaged",2+ competitors,40,medium,55,Lost
#9068,Vertex AI Co,Analytics Pro,Lisa Park,med,Proposal,Mid-Market,Moderate,13,90,Yes — engaged,No competition,60,medium,41,Lost
#9069,Horizon Group,Starter Pack,James Wu,med,Negotiation,SMB,Simple/Standard,38,38,"Identified, not engaged",2+ competitors,47,medium,48,Lost
#9070,SkyBridge Inc,Analytics Pro,James Wu,med,Qualification,Mid-Market,Moderate,35,42,"Identified, not engaged",No competition,34,high,49,Lost
#9071,Vanguard LLC,Starter Pack,Lisa Park,med,Qualification,SMB,Simple/Standard,7,5,No sponsor yet,1 competitor,32,high,46,Lost
#9072,Apex Systems,Enterprise Suite,Priya Nair,low,Proposal,Enterprise,Complex/Custom,5,215,"Identified, not engaged",No competition,55,medium,32,Won
#9073,Mosaic Ventures,Enterprise Suite,Priya Nair,low,Proposal,Enterprise,Complex/Custom,8,295,Yes — engaged,No competition,58,medium,40,Won
#9074,Mosaic Ventures,Starter Pack,James Wu,med,Negotiation,SMB,Simple/Standard,20,32,"Identified, not engaged",1 competitor,58,medium,45,Won
#9075,Cascade Ltd,Enterprise Suite,Mike Torres,high,Qualification,Enterprise,Moderate,6,90,"Identified, not engaged",2+ competitors,52,medium,34,Won
#9076,Horizon Group,Analytics Pro,Sarah Chen,high,Negotiation,Mid-Market,Moderate,31,84,No sponsor yet,2+ competitors,40,medium,49,Lost
#9077,Meridian Corp,Enterprise Suite,Carlos Webb,med,Qualification,Enterprise,Complex/Custom,38,348,"Identified, not engaged",2+ competitors,20,high,61,Won
#9078,Horizon Group,Analytics Pro,Priya Nair,low,Qualification,Mid-Market,Moderate,11,88,Yes — engaged,No competition,41,medium,45,Won
#9079,Nexus Corp,Analytics Pro,Anita Rao,low,Negotiation,Mid-Market,Moderate,39,20,"Identified, not engaged",No competition,50,medium,51,Lost
#9080,BrightEdge Co,Enterprise Suite,Mike Torres,high,Prospecting,Enterprise,Moderate,37,30,No sponsor yet,1 competitor,25,high,60,Lost
#9081,Summit Health,Enterprise Suite,Lisa Park,med,Negotiation,Enterprise,Complex/Custom,6,250,No sponsor yet,1 competitor,59,medium,36,Won
#9082,Pinnacle Tech,Analytics Pro,Priya Nair,low,Negotiation,Mid-Market,Moderate,19,112,No sponsor yet,1 competitor,29,high,52,Won
#9083,Ironclad Corp,Enterprise Suite,Ryan Osei,high,Negotiation,Enterprise,Complex/Custom,43,287,No sponsor yet,No competition,65,low,49,Won
#9084,Horizon Group,Starter Pack,Ryan Osei,high,Negotiation,SMB,Simple/Standard,4,18,No sponsor yet,1 competitor,67,low,35,Won
#9085,SkyBridge Inc,Starter Pack,Carlos Webb,med,Negotiation,SMB,Simple/Standard,41,20,Yes — engaged,No competition,63,medium,47,Won
#9086,Horizon Group,Enterprise Suite,Anita Rao,low,Qualification,Enterprise,Complex/Custom,8,341,Yes — engaged,1 competitor,30,high,47,Lost
#9087,Orbit Media,Analytics Pro,Lisa Park,med,Negotiation,Mid-Market,Moderate,30,47,"Identified, not engaged",No competition,61,medium,42,Lost
#9088,DeltaForce Tech,Analytics Pro,Mike Torres,high,Negotiation,Mid-Market,Moderate,18,10,"Identified, not engaged",2+ competitors,61,medium,38,Lost
#9089,Vertex AI Co,Analytics Pro,Priya Nair,low,Negotiation,Mid-Market,Moderate,36,149,"Identified, not engaged",1 competitor,43,medium,54,Lost
#9090,Orbit Media,Starter Pack,James Wu,med,Negotiation,SMB,Simple/Standard,3,25,Yes — engaged,1 competitor,80,low,29,Won
#9091,BrightEdge Co,Enterprise Suite,Carlos Webb,med,Qualification,Enterprise,Moderate,22,61,No sponsor yet,2+ competitors,28,high,47,Lost
#9092,ClearPath Inc,Starter Pack,Sarah Chen,high,Qualification,SMB,Simple/Standard,10,9,"Identified, not engaged",2+ competitors,50,medium,39,Lost
#9093,Horizon Group,Analytics Pro,Mike Torres,high,Negotiation,Mid-Market,Moderate,32,148,"Identified, not engaged",2+ competitors,48,medium,53,Won
#9094,Nexus Corp,Starter Pack,James Wu,med,Prospecting,SMB,Simple/Standard,41,11,"Identified, not engaged",No competition,31,high,55,Lost
#9095,Quantum Labs,Analytics Pro,Sarah Chen,high,Prospecting,Mid-Market,Moderate,24,120,"Identified, not engaged",1 competitor,24,high,51,Lost
#9096,Orbit Media,Enterprise Suite,Priya Nair,low,Qualification,Enterprise,Complex/Custom,25,327,Yes — engaged,2+ competitors,17,high,58,Lost
#9097,Cascade Ltd,Analytics Pro,James Wu,med,Proposal,Mid-Market,Moderate,43,12,"Identified, not engaged",1 competitor,47,medium,53,Lost
#9098,Vertex AI Co,Analytics Pro,Mike Torres,high,Proposal,Mid-Market,Moderate,41,118,No sponsor yet,1 competitor,43,medium,56,Lost
#9099,ClearPath Inc,Analytics Pro,Anita Rao,low,Prospecting,Mid-Market,Moderate,37,101,Yes — engaged,1 competitor,15,high,60,Won
#9100,Meridian Corp,Enterprise Suite,Lisa Park,med,Prospecting,Enterprise,Complex/Custom,32,156,No sponsor yet,2+ competitors,5,high,66,Lost
#9101,Horizon Group,Starter Pack,James Wu,med,Proposal,SMB,Simple/Standard,43,13,No sponsor yet,2+ competitors,23,high,66,Lost
#9102,Orbit Media,Enterprise Suite,Carlos Webb,med,Proposal,Enterprise,Complex/Custom,6,161,No sponsor yet,No competition,54,medium,38,Won
#9103,BlueRidge Inc,Starter Pack,Ryan Osei,high,Proposal,SMB,Simple/Standard,31,23,Yes — engaged,1 competitor,62,medium,40,Won
#9104,BrightEdge Co,Enterprise Suite,Priya Nair,low,Negotiation,Enterprise,Complex/Custom,6,212,No sponsor yet,1 competitor,36,high,41,Lost
#9105,Nexus Corp,Starter Pack,Ryan Osei,high,Proposal,SMB,Simple/Standard,41,28,No sponsor yet,1 competitor,39,high,60,Won
#9106,Orbit Media,Starter Pack,Ryan Osei,high,Qualification,SMB,Simple/Standard,41,34,No sponsor yet,No competition,38,high,61,Lost
#9107,SkyBridge Inc,Enterprise Suite,Sarah Chen,high,Proposal,Enterprise,Moderate,7,130,"Identified, not engaged",No competition,71,low,33,Won
#9108,Redwood Systems,Starter Pack,Anita Rao,low,Qualification,SMB,Simple/Standard,7,36,"Identified, not engaged",2+ competitors,26,high,45,Won
#9109,Vertex AI Co,Analytics Pro,James Wu,med,Negotiation,Mid-Market,Moderate,7,104,Yes — engaged,1 competitor,72,low,27,Won
#9110,Orbit Media,Analytics Pro,Mike Torres,high,Prospecting,Mid-Market,Moderate,42,15,No sponsor yet,No competition,19,high,62,Won
#9111,Orbit Media,Enterprise Suite,James Wu,med,Qualification,Enterprise,Complex/Custom,15,178,No sponsor yet,No competition,27,high,52,Won
#9112,Meridian Corp,Starter Pack,Priya Nair,low,Proposal,SMB,Simple/Standard,43,6,Yes — engaged,No competition,40,medium,51,Lost
#9113,BlueRidge Inc,Enterprise Suite,Ryan Osei,high,Qualification,Enterprise,Complex/Custom,9,389,"Identified, not engaged",No competition,59,medium,40,Won
#9114,Apex Systems,Analytics Pro,Carlos Webb,med,Proposal,Mid-Market,Moderate,7,125,No sponsor yet,2+ competitors,45,medium,38,Lost
#9115,BrightEdge Co,Analytics Pro,Lisa Park,med,Prospecting,Mid-Market,Moderate,26,119,Yes — engaged,1 competitor,21,high,57,Lost
#9116,SkyBridge Inc,Enterprise Suite,Mike Torres,high,Proposal,Enterprise,Moderate,5,74,No sponsor yet,No competition,70,low,36,Won
#9117,SkyBridge Inc,Analytics Pro,Ryan Osei,high,Proposal,Mid-Market,Moderate,39,120,"Identified, not engaged",2+ competitors,40,medium,50,Lost
#9118,Vanguard LLC,Analytics Pro,James Wu,med,Negotiation,Mid-Market,Moderate,22,126,Yes — engaged,1 competitor,63,medium,42,Lost
#9119,Redwood Systems,Analytics Pro,Lisa Park,med,Qualification,Mid-Market,Moderate,5,33,No sponsor yet,1 competitor,27,high,40,Lost
#9120,TerraLogic,Starter Pack,Priya Nair,low,Prospecting,SMB,Simple/Standard,36,26,No sponsor yet,2+ competitors,5,high,64,Lost
#9121,Meridian Corp,Analytics Pro,Sarah Chen,high,Proposal,Mid-Market,Moderate,37,139,"Identified, not engaged",No competition,55,medium,46,Won
#9122,Mosaic Ventures,Analytics Pro,Mike Torres,high,Proposal,Mid-Market,Moderate,37,67,Yes — engaged,1 competitor,64,medium,49,Lost
#9123,Orbit Media,Starter Pack,Sarah Chen,high,Proposal,SMB,Simple/Standard,18,24,Yes — engaged,No competition,73,low,36,Won
#9124,BrightEdge Co,Enterprise Suite,Anita Rao,low,Qualification,Enterprise,Moderate,2,56,No sponsor yet,2+ competitors,31,high,40,Lost
#9125,Mosaic Ventures,Enterprise Suite,Ryan Osei,high,Proposal,Enterprise,Complex/Custom,21,300,"Identified, not engaged",2+ competitors,39,high,42,Won
#9126,Pinnacle Tech,Starter Pack,Sarah Chen,high,Prospecting,SMB,Simple/Standard,43,32,"Identified, not engaged",1 competitor,36,high,61,Lost
#9127,Apex Systems,Starter Pack,James Wu,med,Prospecting,SMB,Simple/Standard,8,23,"Identified, not engaged",1 competitor,36,high,46,Lost
#9128,Summit Health,Analytics Pro,James Wu,med,Prospecting,Mid-Market,Moderate,20,64,Yes — engaged,No competition,33,high,48,Lost
#9129,Redwood Systems,Analytics Pro,Sarah Chen,high,Negotiation,Mid-Market,Moderate,25,146,Yes — engaged,No competition,74,low,41,Won
#9130,ClearPath Inc,Analytics Pro,Mike Torres,high,Prospecting,Mid-Market,Moderate,30,29,"Identified, not engaged",No competition,36,high,56,Lost
#9131,Summit Health,Analytics Pro,Anita Rao,low,Prospecting,Mid-Market,Moderate,21,53,"Identified, not engaged",No competition,18,high,54,Won
#9132,Cascade Ltd,Analytics Pro,James Wu,med,Negotiation,Mid-Market,Moderate,26,89,No sponsor yet,No competition,51,medium,44,Won
#9133,Meridian Corp,Starter Pack,Mike Torres,high,Prospecting,SMB,Simple/Standard,13,27,No sponsor yet,2+ competitors,28,high,52,Lost
#9134,BrightEdge Co,Enterprise Suite,Mike Torres,high,Proposal,Enterprise,Moderate,39,88,Yes — engaged,No competition,67,low,43,Lost
#9135,Horizon Group,Starter Pack,Carlos Webb,med,Proposal,SMB,Simple/Standard,10,33,No sponsor yet,1 competitor,38,high,45,Lost
#9136,Redwood Systems,Starter Pack,Lisa Park,med,Prospecting,SMB,Simple/Standard,5,24,"Identified, not engaged",2+ competitors,32,high,45,Won
#9137,Apex Systems,Enterprise Suite,Lisa Park,med,Prospecting,Enterprise,Complex/Custom,33,206,No sponsor yet,2+ competitors,10,high,65,Lost
#9138,Vanguard LLC,Starter Pack,Carlos Webb,med,Qualification,SMB,Simple/Standard,31,37,"Identified, not engaged",2+ competitors,19,high,52,Lost
#9139,Redwood Systems,Starter Pack,Mike Torres,high,Qualification,SMB,Simple/Standard,29,33,Yes — engaged,No competition,61,medium,47,Won
#9140,SkyBridge Inc,Analytics Pro,Ryan Osei,high,Negotiation,Mid-Market,Moderate,44,23,"Identified, not engaged",1 competitor,63,medium,45,Won
#9141,Orbit Media,Analytics Pro,Anita Rao,low,Proposal,Mid-Market,Moderate,39,48,No sponsor yet,2+ competitors,17,high,57,Lost
#9142,Ironclad Corp,Analytics Pro,Ryan Osei,high,Negotiation,Mid-Market,Moderate,6,89,Yes — engaged,2+ competitors,80,low,34,Lost
#9143,DeltaForce Tech,Starter Pack,Mike Torres,high,Negotiation,SMB,Simple/Standard,2,28,No sponsor yet,1 competitor,68,low,28,Lost
#9144,Apex Systems,Enterprise Suite,James Wu,med,Qualification,Enterprise,Moderate,19,61,Yes — engaged,No competition,63,medium,42,Lost
#9145,Cascade Ltd,Starter Pack,Ryan Osei,high,Qualification,SMB,Simple/Standard,10,15,No sponsor yet,1 competitor,38,high,47,Lost
#9146,Meridian Corp,Enterprise Suite,Carlos Webb,med,Negotiation,Enterprise,Complex/Custom,16,237,"Identified, not engaged",2+ competitors,51,medium,44,Won
#9147,Ironclad Corp,Analytics Pro,Lisa Park,med,Qualification,Mid-Market,Moderate,37,122,"Identified, not engaged",2+ competitors,28,high,56,Lost
#9148,Summit Health,Enterprise Suite,Anita Rao,low,Qualification,Enterprise,Moderate,17,36,No sponsor yet,No competition,34,high,47,Lost
#9149,Meridian Corp,Analytics Pro,Mike Torres,high,Prospecting,Mid-Market,Moderate,29,141,Yes — engaged,1 competitor,32,high,54,Won
#9150,BlueRidge Inc,Analytics Pro,Carlos Webb,med,Prospecting,Mid-Market,Moderate,26,138,"Identified, not engaged",No competition,27,high,51,Lost
#9151,DeltaForce Tech,Enterprise Suite,Ryan Osei,high,Prospecting,Enterprise,Complex/Custom,42,181,"Identified, not engaged",No competition,30,high,55,Won
#9152,Orbit Media,Starter Pack,Priya Nair,low,Negotiation,SMB,Simple/Standard,1,10,"Identified, not engaged",2+ competitors,39,high,38,Won
#9153,Mosaic Ventures,Enterprise Suite,Anita Rao,low,Proposal,Enterprise,Moderate,8,34,Yes — engaged,1 competitor,54,medium,39,Won
#9154,Orbit Media,Enterprise Suite,Carlos Webb,med,Prospecting,Enterprise,Moderate,35,18,"Identified, not engaged",2+ competitors,28,high,60,Won
#9155,Ironclad Corp,Analytics Pro,Lisa Park,med,Prospecting,Mid-Market,Moderate,16,116,No sponsor yet,1 competitor,12,high,58,Lost
#9156,Nexus Corp,Enterprise Suite,Ryan Osei,high,Prospecting,Enterprise,Complex/Custom,3,335,"Identified, not engaged",1 competitor,45,medium,38,Lost
#9157,Vanguard LLC,Enterprise Suite,Ryan Osei,high,Proposal,Enterprise,Complex/Custom,43,331,Yes — engaged,2+ competitors,48,medium,57,Lost
#9158,Orbit Media,Enterprise Suite,Priya Nair,low,Proposal,Enterprise,Moderate,42,99,No sponsor yet,1 competitor,35,high,59,Lost
#9159,Horizon Group,Starter Pack,Mike Torres,high,Negotiation,SMB,Simple/Standard,13,7,Yes — engaged,1 competitor,78,low,27,Won
#9160,Apex Systems,Starter Pack,Anita Rao,low,Negotiation,SMB,Simple/Standard,42,17,"Identified, not engaged",No competition,47,medium,53,Lost
#9161,DeltaForce Tech,Analytics Pro,Ryan Osei,high,Prospecting,Mid-Market,Moderate,26,122,"Identified, not engaged",1 competitor,32,high,51,Lost
#9162,Cascade Ltd,Analytics Pro,Carlos Webb,med,Proposal,Mid-Market,Moderate,28,30,Yes — engaged,2+ competitors,48,medium,51,Lost
#9163,TerraLogic,Analytics Pro,Lisa Park,med,Prospecting,Mid-Market,Moderate,43,85,Yes — engaged,1 competitor,27,high,62,Lost
#9164,Apex Systems,Starter Pack,Priya Nair,low,Negotiation,SMB,Simple/Standard,3,27,"Identified, not engaged",1 competitor,58,medium,33,Won
#9165,BrightEdge Co,Starter Pack,Mike Torres,high,Negotiation,SMB,Simple/Standard,44,15,"Identified, not engaged",2+ competitors,48,medium,51,Lost
#9166,Orbit Media,Enterprise Suite,Sarah Chen,high,Prospecting,Enterprise,Complex/Custom,24,195,Yes — engaged,2+ competitors,34,high,54,Won
#9167,Pinnacle Tech,Analytics Pro,Carlos Webb,med,Proposal,Mid-Market,Moderate,37,45,"Identified, not engaged",No competition,55,medium,49,Won
#9168,Pinnacle Tech,Enterprise Suite,James Wu,med,Prospecting,Enterprise,Complex/Custom,32,275,No sponsor yet,No competition,20,high,60,Won
#9169,BrightEdge Co,Enterprise Suite,Carlos Webb,med,Proposal,Enterprise,Moderate,13,72,No sponsor yet,1 competitor,47,medium,38,Lost
#9170,Cascade Ltd,Starter Pack,Mike Torres,high,Proposal,SMB,Simple/Standard,5,40,No sponsor yet,1 competitor,58,medium,34,Lost
#9171,Quantum Labs,Starter Pack,Ryan Osei,high,Qualification,SMB,Simple/Standard,9,20,Yes — engaged,No competition,70,low,28,Won
#9172,TerraLogic,Analytics Pro,Ryan Osei,high,Qualification,Mid-Market,Moderate,5,89,No sponsor yet,No competition,53,medium,39,Won
#9173,SkyBridge Inc,Enterprise Suite,Mike Torres,high,Proposal,Enterprise,Complex/Custom,29,248,No sponsor yet,No competition,57,medium,45,Won
#9174,Vanguard LLC,Enterprise Suite,Priya Nair,low,Negotiation,Enterprise,Complex/Custom,8,275,No sponsor yet,No competition,43,medium,40,Won
#9175,SkyBridge Inc,Analytics Pro,James Wu,med,Proposal,Mid-Market,Moderate,13,80,Yes — engaged,1 competitor,55,medium,44,Won
#9176,Nexus Corp,Starter Pack,Mike Torres,high,Qualification,SMB,Simple/Standard,10,15,No sponsor yet,2+ competitors,37,high,48,Won
#9177,SkyBridge Inc,Enterprise Suite,Mike Torres,high,Proposal,Enterprise,Complex/Custom,37,223,No sponsor yet,No competition,41,medium,55,Lost
#9178,Apex Systems,Starter Pack,Lisa Park,med,Proposal,SMB,Simple/Standard,44,30,"Identified, not engaged",No competition,49,medium,56,Won
#9179,Vanguard LLC,Analytics Pro,Priya Nair,low,Negotiation,Mid-Market,Moderate,14,97,"Identified, not engaged",1 competitor,45,medium,43,Lost
#9180,Pinnacle Tech,Analytics Pro,Ryan Osei,high,Qualification,Mid-Market,Moderate,36,37,"Identified, not engaged",2+ competitors,34,high,53,Lost
#9181,Vanguard LLC,Enterprise Suite,Carlos Webb,med,Qualification,Enterprise,Complex/Custom,19,206,Yes — engaged,No competition,52,medium,41,Lost
#9182,ClearPath Inc,Enterprise Suite,Ryan Osei,high,Qualification,Enterprise,Complex/Custom,30,265,"Identified, not engaged",2+ competitors,33,high,55,Won
#9183,DeltaForce Tech,Enterprise Suite,Carlos Webb,med,Qualification,Enterprise,Moderate,4,35,No sponsor yet,1 competitor,42,medium,42,Lost
#9184,ClearPath Inc,Starter Pack,Lisa Park,med,Prospecting,SMB,Simple/Standard,9,21,Yes — engaged,1 competitor,40,medium,43,Lost
#9185,SkyBridge Inc,Starter Pack,Sarah Chen,high,Qualification,SMB,Simple/Standard,19,9,"Identified, not engaged",2+ competitors,42,medium,49,Lost
#9186,Orbit Media,Starter Pack,Lisa Park,med,Prospecting,SMB,Simple/Standard,26,28,Yes — engaged,No competition,35,high,54,Lost
#9187,Orbit Media,Starter Pack,James Wu,med,Negotiation,SMB,Simple/Standard,3,7,No sponsor yet,No competition,59,medium,34,Lost
#9188,SkyBridge Inc,Analytics Pro,Priya Nair,low,Proposal,Mid-Market,Moderate,40,86,Yes — engaged,1 competitor,39,high,58,Lost
#9189,Nexus Corp,Starter Pack,Carlos Webb,med,Proposal,SMB,Simple/Standard,24,26,"Identified, not engaged",No competition,43,medium,48,Lost
#9190,Mosaic Ventures,Analytics Pro,Carlos Webb,med,Qualification,Mid-Market,Moderate,38,132,No sponsor yet,No competition,23,high,62,Lost
#9191,TerraLogic,Enterprise Suite,Anita Rao,low,Qualification,Enterprise,Moderate,45,66,Yes — engaged,2+ competitors,24,high,56,Lost
#9192,SkyBridge Inc,Analytics Pro,Priya Nair,low,Qualification,Mid-Market,Moderate,40,130,"Identified, not engaged",2+ competitors,5,high,62,Lost
